null_raster,SES_deprivation_R
NA,665.954338909828
NA,596.890415661956
NA,669.949772821714
NA,609.64619346853
NA,605.452059340804
NA,614.196817235328
NA,560.726966779793
NA,648.193588676321
NA,543.662121665356
NA,607.164387324085
NA,632.278540258539
NA,538.100462560785
NA,636.381116795458
NA,655.152448426334
NA,598.031967006318
NA,660.2465794707
NA,620.292240508615
NA,731.813291254732
NA,603.168952262565
NA,654.583619570163
NA,683.025030715474
NA,630.69283640995
NA,636.273977880609
NA,671.09132693565
NA,629.424660878639
NA,572.347036387823
NA,659.675800898304
NA,656.821919114622
NA,677.336747049065
NA,481.091017947669
NA,728.376861572266
NA,662.547212516082
NA,526.114158630371
NA,651.114156696894
NA,613.442923872438
NA,551.056885494714
NA,691.639270207653
NA,579.498298098203
NA,644.344713282667
NA,515.789537865961
NA,697.917809786862
NA,515.789538438817
NA,685.869170673878
NA,572.917811145521
NA,688.713312923705
NA,622.160413722536
NA,631.136988548383
NA,607.735161768247
NA,606.022836397772
NA,562.43345074442
NA,639.794087953535
NA,667.666670969088
NA,543.093293329961
NA,691.63927052119
NA,559.020481721533
NA,706.479454510833
NA,660.271898601649
NA,718.465752484047
NA,617.040958391522
NA,611.730597822633
NA,613.627988587467
NA,652.877136178391
NA,583.480094414929
NA,566.984078052508
NA,572.917811459058
NA,620.863016990766
NA,657.392697007689
NA,663.100461254381
NA,668.23549477639
NA,685.360733502532
NA,709.191127633886
NA,680.180892215247
NA,652.308307374297
NA,698.95221994029
NA,628.85388544161
NA,636.73883308332
NA,579.498298358592
NA,636.844751488673
NA,589.470324111312
NA,606.59361021486
NA,664.812786990649
NA,608.876714784805
NA,655.721275720173
NA,655.109589720426
NA,642.552513958657
NA,624.858451634237
NA,518.694068333874
NA,525.543383193343
NA,583.191783957286
NA,586.324235414889
NA,654.014790557757
NA,673.923778755266
NA,637.415528597897
NA,639.127857574045
NA,619.316273451665
NA,726.255973112868
NA,643.207057445122
NA,691.557453454965
NA,632.968150272304
NA,523.18430612193
