From,To,Full.BF,DS1.BF,DS2.BF,Full.MJ,DS1.MJ,DS2.MJ,Stable
ccolorado,yura,119631.39,393.66,39.34,19.61,8.72,8.77,Robust
mmelgar,ccolorado,9957.10,77.07,138.16,3.98,3.95,3.89,Robust
ccolorado,cayma,1581.97,594.04,5.82,9.24,7.77,2.28,Robust
mmelgar,miraflores,1581.97,121.59,115.91,3.90,3.74,3.92,Robust
asa,jlbyr,1036.22,337.57,84.54,4.69,4.42,4.40,Robust
ccolorado,asa,142.70,22.97,37.11,7.03,5.12,6.52,Robust
asa,hunter,112.38,98.42,23.65,2.79,3.17,2.16,Robust
yura,ccolorado,57.29,2.27,11.63,3.66,0.24,2.53,Robust
asa,mmelgar,53.10,48.22,28.67,3.79,4.29,4.13,Robust
mollebaya,elpedregal,47.16,58.74,38.77,0.77,0.81,0.75,Robust
yura,socabaya,18.87,13.74,3.90,1.75,1.52,0.61,Robust
yura,paucarpata,17.77,31.57,10.67,0.98,1.10,0.66,Robust
mmelgar,asa,17.33,9.98,7.30,1.32,1.34,1.46,Sensitive
mmelgar,paucarpata,15.34,23.04,16.49,1.35,1.64,1.29,Robust
ccolorado,uchumayo,11.68,17.95,4.88,0.57,0.75,0.36,Robust
yura,hunter,11.56,6.47,3.62,0.99,0.48,0.42,Sensitive
asa,paucarpata,11.26,5.40,6.76,1.41,0.80,1.13,Sensitive