null_raster,per_pop_2025_CN_100m_R2025A_v1_R
1,5.38077461548604
1,5.69780438860685
1,5.53731863421223
1,5.53349372562969
1,5.36741204793445
1,5.83483289480209
1,5.57574656161856
1,5.50660498383153
1,5.32512393439257
1,5.67448268369423
1,5.46205956387005
1,5.42399761048925
1,5.42986666643491
1,5.3958449610045
1,5.59336540038637
1,5.77672168337707
1,5.52798845929183
1,5.53209559024433
1,5.41149687514288
1,5.34132388354221
1,5.43028513774329
1,5.5772843866382
1,5.6076605542159
1,5.7010677324401
1,5.51699710401352
1,5.66055277452572
1,5.4418797046488
1,5.70801200113798
1,5.36779689920299
1,5.59872634003595
1,5.56545918551358
1,5.35268184574701
1,5.52430613462675
1,5.67245630946448
1,5.55347083145654
1,5.37812993569034
1,5.75343109253081
1,5.40751501356346
1,5.664363218892
1,5.35534158207121
1,5.5439711301977
1,5.45205380446719
1,5.3203864543588
1,5.24570175081911
1,5.68853444201606
1,5.43190554820509
1,5.46824842357969
1,5.45612343763694
1,5.54981422508862
1,5.46205058177019
1,5.38382386741504
1,5.46769187152386
1,5.11454424422274
1,5.49400760163469
1,5.51287278532982
1,5.39632891760178
1,5.42260004768303
1,5.4761516372083
1,5.41604867082602
1,5.38493796046689
1,5.73097249919327
1,5.60167830539264
1,5.74092042532208
1,5.53944655565115
1,5.72858993212382
1,5.64190268268188
1,5.43763763716571
1,5.67001648165963
1,5.15337398573489
1,5.45528289580935
1,5.41415765685757
1,5.58840782443682
1,5.43539430431917
1,5.49836654162061
1,5.63332966248766
1,5.48569978974389
1,5.37263499697049
1,5.43192686347196
1,5.4556949745525
1,5.24974334943626
1,5.35186126525851
1,5.42727527001225
1,5.3805216143564
1,5.41134990497871
1,5.42179841545553
1,5.55148066522376
1,5.11692943703044
1,5.33213162208544
1,5.56890050860217
1,5.43926697105906
1,5.59423096006567
1,5.6322090279126
1,5.43514527544857
1,5.642298688598
1,5.5725980663633
1,5.64564397118308
1,5.55506210803986
1,5.66041988563195
1,5.32710503174317
1,5.52418653226832
