"sample_id","redcap_repeat_instance","ngs_runid","duplicate_id","ngs_rundate","ngs_location","ngs_provider","ngs_submission","ngs_platform","primer_scheme","primer_scheme_version","nanopore_platform","ngs_flowcell","illumina_platform","ngs_prep","ngs_barcode","ngs_library","ngs_analysis_type","ngs_merged_from","total_reads","mapped_reads","mean_depth","stdev_depth","median_depth","minimum_reads","maximum_reads","genomecov_depthx1","genomecov_depthx5","genomecov_depthx20","genomecov_depthx100","negative_control_sample","genbank_accession","consensus_coverage","consensus_fasta","ngs_notes","sample_labid","sample_sequenceid","sample_batchid","apha_sub","apha_rv","sample_tissuetype","sample_buffer","country","hmpcr_n405","rtassay","rtqpcr","lateral_flow_test","fat","drit","diagnostic_result","test_centre","diag_notes"
"4_2023","1","aqp17","1",NA,"Zoonotic Disease Research Laboratory",NA,NA,"Nanopore","rabvPeru2","V2","Minion","FAY26929","Unknown","Amplicon","barcode16",NA,"Single run",NA,"10307","9229","463.4199446","271.0680603","384","0","1604","11889","11879","11877","11870","No",NA,"11827",NA,NA,NA,NA,NA,NA,NA,"Brain","RNAshield","PER: Peru","NA","Unknown",NA,"NA","NA","NA",NA,"Other",NA
"16_2021","1","aqp16","1",NA,"Zoonotic Disease Research Laboratory",NA,NA,"Nanopore","rabvPeru2","V2","Minion","FAY26929","Unknown","Amplicon","barcode04",NA,"Single run",NA,"24666","22435","975.9361738","614.3578772","793","0","3675","11906","11878","11878","11875","No",NA,"11827",NA,NA,NA,NA,NA,NA,NA,"Brain","RNAshield","PER: Peru","NA","Unknown",NA,"NA","NA","NA",NA,"Other",NA
"22_2016","1","aqp17","1",NA,"Zoonotic Disease Research Laboratory",NA,NA,"Nanopore","rabvPeru2","V2","Minion","FAY26929","Unknown","Amplicon","barcode07",NA,"Single run",NA,"33965","30597","1096.708798","892.3021698","937","0","4218","11891","11879","11878","11153","No",NA,"11827",NA,NA,NA,NA,NA,NA,NA,"Brain","RNAshield","PER: Peru","NA","Unknown",NA,"NA","NA","NA",NA,"Other",NA
"23_2020","1","aqp18","1",NA,"Zoonotic Disease Research Laboratory",NA,NA,"Nanopore","rabvPeru2","V2","Minion","FAY28417","Unknown","Amplicon","barcode22",NA,"Single run",NA,"7947","6831","247.819844","220.0925476","199","0","1171","11880","11698","11116","8990","No",NA,"10319",NA,NA,NA,NA,NA,NA,NA,"Brain","RNAshield","PER: Peru","NA","Unknown",NA,"NA","NA","NA",NA,"Other",NA
"24_2019","1","aqp17","1",NA,"Zoonotic Disease Research Laboratory",NA,NA,"Nanopore","rabvPeru2","V2","Minion","FAY26929","Unknown","Amplicon","barcode11",NA,"Single run",NA,"54136","50659","2468.229221","1365.676284","2223","0","6943","11895","11880","11878","11877","No",NA,"11827",NA,NA,NA,NA,NA,NA,NA,"Brain","RNAshield","PER: Peru","NA","Unknown",NA,"NA","NA","NA",NA,"Other",NA
"25_2020","1","aqp17","1",NA,"Zoonotic Disease Research Laboratory",NA,NA,"Nanopore","rabvPeru2","V2","Minion","FAY26929","Unknown","Amplicon","barcode20",NA,"Single run",NA,"17854","15844","566.2783695","526.6100066","428","0","2624","11704","11692","11366","10172","No",NA,"11272",NA,NA,NA,NA,NA,NA,NA,"Brain","RNAshield","PER: Peru","NA","Unknown",NA,"NA","NA","NA",NA,"Other",NA
"30_2021","1","aqp14","1",NA,"Zoonotic Disease Research Laboratory",NA,NA,"Nanopore","rabvPeru2",NA,"Minion","FAS90955","Unknown","Amplicon",NA,NA,NA,NA,"50742","50742","2183","936","2127","0","5015","11909","11885","11879","11877","No","PP965359.1","11821",NA,NA,NA,NA,NA,NA,NA,"Brain","RNAshield","PER: Peru","NA","Unknown",NA,"NA","Positive","NA","Positive","Other",NA
"30_2023","1","aqp17","1",NA,"Zoonotic Disease Research Laboratory",NA,NA,"Nanopore","rabvPeru2","V2","Minion","FAY26929","Unknown","Amplicon","barcode17",NA,"Single run",NA,"20754","18353","669.5494423","644.911899","425","0","2855","11886","11879","11620","10925","No",NA,"11272",NA,NA,NA,NA,NA,NA,NA,"Brain","RNAshield","PER: Peru","NA","Unknown",NA,"NA","NA","NA",NA,"Other",NA
"31_2021","1","aqp14","1",NA,"Zoonotic Disease Research Laboratory",NA,NA,"Nanopore","rabvPeru2",NA,"Minion","FAS90955","Unknown","Amplicon",NA,NA,NA,NA,"71634","71634","2593","1262","2377","0","7101","11888","11882","11878","11877","No","PP965357.1","11820",NA,NA,NA,NA,NA,NA,NA,"Brain","RNAshield","PER: Peru","NA","Unknown",NA,"NA","Positive","NA","Positive","Other",NA
"32_2016","1","aqp17","1",NA,"Zoonotic Disease Research Laboratory",NA,NA,"Nanopore","rabvPeru2","V2","Minion","FAY26929","Unknown","Amplicon","barcode08",NA,"Single run",NA,"39351","38464","1663.281976","834.473131","1596","0","4530","11904","11879","11877","11877","No",NA,"11827",NA,NA,NA,NA,NA,NA,NA,"Brain","RNAshield","PER: Peru","NA","Unknown",NA,"NA","NA","NA",NA,"Other",NA
"34_2021","1","aqp12","1",NA,"Zoonotic Disease Research Laboratory",NA,NA,"Nanopore","rabvPeru2",NA,"Minion",NA,"Unknown","Amplicon",NA,NA,NA,NA,"148926","148926","7481.355196","2403.341829","7228","0","13172","11891","11886","11879","11878","No","PP965349.1","10565",NA,NA,"1",NA,NA,NA,NA,"Brain","RNAshield","PER: Peru","NA","Unknown",NA,"NA","Positive","NA","Positive","Other","labid is epi caseid"
"35_2018","1","aqp16","1",NA,"Zoonotic Disease Research Laboratory",NA,NA,"Nanopore","rabvPeru2","V2","Minion","FAY26929","Unknown","Amplicon","barcode21",NA,"Single run",NA,"20660","19014","1345.954458","540.1857205","1262","0","3448","11881","11880","11877","11877","No",NA,"11827",NA,NA,NA,NA,NA,NA,NA,"Brain","RNAshield","PER: Peru","NA","Unknown",NA,"NA","NA","NA",NA,"Other",NA
"40_2021","1","aqp14","1",NA,"Zoonotic Disease Research Laboratory",NA,NA,"Nanopore","rabvPeru2",NA,"Minion","FAS90955","Unknown","Amplicon",NA,NA,NA,NA,"9237","9237","393","169","374","0","910","11886","11878","11877","11738","No","PP965353.1","11826",NA,NA,NA,NA,NA,NA,NA,"Brain","RNAshield","PER: Peru","NA","Unknown",NA,"NA","Positive","NA","Positive","Other",NA
"41_2020","1","aqp16","1",NA,"Zoonotic Disease Research Laboratory",NA,NA,"Nanopore","rabvPeru2","V2","Minion","FAY26929","Unknown","Amplicon","barcode02",NA,"Single run",NA,"10812","9313","344.3229892","287.3228103","268","0","1476","11881","11878","11371","9853","No",NA,"11012",NA,NA,NA,NA,NA,NA,NA,"Brain","RNAshield","PER: Peru","NA","Unknown",NA,"NA","NA","NA",NA,"Other",NA
"41_2024","1","aqp16","1",NA,"Zoonotic Disease Research Laboratory",NA,NA,"Nanopore","rabvPeru2","V2","Minion","FAY26929","Unknown","Amplicon","barcode05",NA,"Single run",NA,"29797","28426","1414.376331","628.7020233","1401","0","3242","11890","11878","11877","11877","No",NA,"11827",NA,NA,NA,NA,NA,NA,NA,"Brain","RNAshield","PER: Peru","NA","Unknown",NA,"NA","NA","NA",NA,"Other",NA
"42_2020","1","aqp16","1",NA,"Zoonotic Disease Research Laboratory",NA,NA,"Nanopore","rabvPeru2","V2","Minion","FAY26929","Unknown","Amplicon","barcode03",NA,"Single run",NA,"8551","8194","304.3450474","207.5063933","248","0","1113","11881","11877","11691","10111","No",NA,"11592",NA,NA,NA,NA,NA,NA,NA,"Brain","RNAshield","PER: Peru","NA","Unknown",NA,"NA","NA","NA",NA,"Other",NA
"44_2016","1","aqp17","1",NA,"Zoonotic Disease Research Laboratory",NA,NA,"Nanopore","rabvPeru2","V2","Minion","FAY26929","Unknown","Amplicon","barcode09",NA,"Single run",NA,"84294","80975","3571.040426","2070.066062","3289","0","10248","11888","11879","11878","11877","No",NA,"11827",NA,NA,NA,NA,NA,NA,NA,"Brain","RNAshield","PER: Peru","NA","Unknown",NA,"NA","NA","NA",NA,"Other",NA
"46_2019","1","aqp18","1",NA,"Zoonotic Disease Research Laboratory",NA,NA,"Nanopore","rabvPeru2","V2","Minion","FAY28417","Unknown","Amplicon","barcode04",NA,"Single run",NA,"64052","61402","2671.599262","1661.169743","2466","0","7963","11904","11880","11878","11877","No",NA,"11827",NA,NA,NA,NA,NA,NA,NA,"Brain","RNAshield","PER: Peru","NA","Unknown",NA,"NA","NA","NA",NA,"Other",NA
"47_2019","1","aqp17","1",NA,"Zoonotic Disease Research Laboratory",NA,NA,"Nanopore","rabvPeru2","V2","Minion","FAY26929","Unknown","Amplicon","barcode12",NA,"Single run",NA,"29995","29480","1049.161285","731.1612713","979","0","3458","11882","11877","11691","11464","No",NA,"11592",NA,NA,NA,NA,NA,NA,NA,"Brain","RNAshield","PER: Peru","NA","Unknown",NA,"NA","NA","NA",NA,"Other",NA
"52_2018","1","aqp16","1",NA,"Zoonotic Disease Research Laboratory",NA,NA,"Nanopore","rabvPeru2","V2","Minion","FAY26929","Unknown","Amplicon","barcode22",NA,"Single run",NA,"5982","4944","201.6538623","145.9743046","163","0","839","11882","11842","11565","8917","No",NA,"11272",NA,NA,NA,NA,NA,NA,NA,"Brain","RNAshield","PER: Peru","NA","Unknown",NA,"NA","NA","NA",NA,"Other",NA
"52_2021","1","aqp12","1",NA,"Zoonotic Disease Research Laboratory",NA,NA,"Nanopore","rabvPeru2",NA,"Minion",NA,"Unknown","Amplicon",NA,NA,NA,NA,"47951","47951","3833.132852","1027.396091","3800","0","7109","11896","11889","11879","11878","No","PP965343.1","10565",NA,NA,"2",NA,NA,NA,NA,"Brain","RNAshield","PER: Peru","NA","Unknown",NA,"NA","Positive","NA","Positive","Other","labid is epi caseid"
"54_2024","1","aqp16","1",NA,"Zoonotic Disease Research Laboratory",NA,NA,"Nanopore","rabvPeru2","V2","Minion","FAY26929","Unknown","Amplicon","barcode06",NA,"Single run",NA,"22405","21647","1032.125807","442.547335","1057","0","2436","11888","11878","11877","11877","No",NA,"11827",NA,NA,NA,NA,NA,NA,NA,"Brain","RNAshield","PER: Peru","NA","Unknown",NA,"NA","NA","NA",NA,"Other",NA
"56_2021","1","aqp14","1",NA,"Zoonotic Disease Research Laboratory",NA,NA,"Nanopore","rabvPeru2",NA,"Minion","FAS90955","Unknown","Amplicon",NA,NA,NA,NA,"70889","70889","2336","1445","2165","0","7476","11887","11881","11878","11689","No","PP965358.1","11580",NA,NA,NA,NA,NA,NA,NA,"Brain","RNAshield","PER: Peru","NA","Unknown",NA,"NA","Positive","NA","Positive","Other",NA
"61_2021","1","aqp14","1",NA,"Zoonotic Disease Research Laboratory",NA,NA,"Nanopore","rabvPeru2",NA,"Minion","FAS90955","Unknown","Amplicon",NA,NA,NA,NA,"70413","70413","2947","1222","2857","0","6630","11885","11880","11878","11877","No","PP965346.1","11826",NA,NA,NA,NA,NA,NA,NA,"Brain","RNAshield","PER: Peru","NA","Unknown",NA,"NA","Positive","NA","Positive","Other",NA
"68_2021","1","aqp12","1",NA,"Zoonotic Disease Research Laboratory",NA,NA,"Nanopore","rabvPeru2",NA,"Minion",NA,"Unknown","Amplicon",NA,NA,NA,NA,"245893","245893","10764.67131","4168.783837","10208","0","20454","11911","11889","11880","11878","No","PP965356.1","10563",NA,NA,"3",NA,NA,NA,NA,"Brain","RNAshield","PER: Peru","NA","Unknown",NA,"NA","Positive","NA","Positive","Other","labid is epi caseid"
"69_2016","1","aqp16","1",NA,"Zoonotic Disease Research Laboratory",NA,NA,"Nanopore","rabvPeru2","V2","Minion","FAY26929","Unknown","Amplicon","barcode17",NA,"Single run",NA,"20893","20340","744.3314602","474.7292084","692","0","2284","11884","11878","11691","11368","No",NA,"11592",NA,NA,NA,NA,NA,NA,NA,"Brain","RNAshield","PER: Peru","NA","Unknown",NA,"NA","NA","NA",NA,"Other",NA
"71_2021","1","aqp12","1",NA,"Zoonotic Disease Research Laboratory",NA,NA,"Nanopore","rabvPeru2",NA,"Minion",NA,"Unknown","Amplicon",NA,NA,NA,NA,"328914","328914","13187.95999","5130.466356","12172","0","25473","11918","11892","11883","11879","No","PP965350.1","10564",NA,NA,"4",NA,NA,NA,NA,"Brain","RNAshield","PER: Peru","NA","Unknown",NA,"NA","Positive","NA","Positive","Other","labid is epi caseid"
"73_2015","1","aqp18","1",NA,"Zoonotic Disease Research Laboratory",NA,NA,"Nanopore","rabvPeru2","V2","Minion","FAY28417","Unknown","Amplicon","barcode23",NA,"Single run",NA,"47650","45067","2319.141994","1159.990838","2076","0","6483","11886","11880","11878","11877","No",NA,"11827",NA,NA,NA,NA,NA,NA,NA,"Brain","RNAshield","PER: Peru","NA","Unknown",NA,"NA","NA","NA",NA,"Other",NA
"73_2021","1","aqp12","1",NA,"Zoonotic Disease Research Laboratory",NA,NA,"Nanopore","rabvPeru2",NA,"Minion",NA,"Unknown","Amplicon",NA,NA,NA,NA,"42452","42452","3467.474126","812.2543134","3384","0","5657","11889","11880","11878","11878","No","PP965370.1","10564",NA,NA,"5",NA,NA,NA,NA,"Brain","RNAshield","PER: Peru","NA","Unknown",NA,"NA","Positive","NA","Positive","Other","labid is epi caseid"
"75_2021","1","aqp17","1",NA,"Zoonotic Disease Research Laboratory",NA,NA,"Nanopore","rabvPeru2","V2","Minion","FAY26929","Unknown","Amplicon","barcode21",NA,"Single run",NA,"12515","11273","394.9473287","352.16553","317","0","1451","11884","11161","10946","8955","No",NA,"10532",NA,NA,NA,NA,NA,NA,NA,"Brain","RNAshield","PER: Peru","NA","Unknown",NA,"NA","NA","NA",NA,"Other",NA
"77_2021","1","aqp17","1",NA,"Zoonotic Disease Research Laboratory",NA,NA,"Nanopore","rabvPeru2","V2","Minion","FAY26929","Unknown","Amplicon","barcode22",NA,"Single run",NA,"98","92","3.157762308","4.241298553","1","0","20","7717","2935","41","0","No",NA,"0",NA,NA,NA,NA,NA,NA,NA,"Brain","RNAshield","PER: Peru","NA","Unknown",NA,"NA","NA","NA",NA,"Other",NA
"84_2022","1","aqp17","1",NA,"Zoonotic Disease Research Laboratory",NA,NA,"Nanopore","rabvPeru2","V2","Minion","FAY26929","Unknown","Amplicon","barcode14",NA,"Single run",NA,"2955","2734","92.61343622","107.0196185","54","0","457","11577","11146","8673","3528","No",NA,"7748",NA,NA,NA,NA,NA,NA,NA,"Brain","RNAshield","PER: Peru","NA","Unknown",NA,"NA","NA","NA",NA,"Other",NA
"88_2019","1","aqp18","1",NA,"Zoonotic Disease Research Laboratory",NA,NA,"Nanopore","rabvPeru2","V2","Minion","FAY28417","Unknown","Amplicon","barcode24",NA,"Single run",NA,"43397","40894","1494.640778","1260.346585","1194","0","5908","11881","11878","11825","11385","No",NA,"11582",NA,NA,NA,NA,NA,NA,NA,"Brain","RNAshield","PER: Peru","NA","Unknown",NA,"NA","NA","NA",NA,"Other",NA
"90_2021","1","aqp14","1",NA,"Zoonotic Disease Research Laboratory",NA,NA,"Nanopore","rabvPeru2",NA,"Minion","FAS90955","Unknown","Amplicon",NA,NA,NA,NA,"45757","45757","1838","825","1768","0","4327","11892","11885","11878","11877","No","PP965372.1","11826",NA,NA,NA,NA,NA,NA,NA,"Brain","RNAshield","PER: Peru","NA","Unknown",NA,"NA","Positive","NA","Positive","Other",NA
"92_2018","1","aqp18","1",NA,"Zoonotic Disease Research Laboratory",NA,NA,"Nanopore","rabvPeru2","V2","Minion","FAY28417","Unknown","Amplicon","barcode01",NA,"Single run",NA,"28400","27450","1380.433196","598.1615905","1325","0","3358","11890","11879","11877","11877","No",NA,"11827",NA,NA,NA,NA,NA,NA,NA,"Brain","RNAshield","PER: Peru","NA","Unknown",NA,"NA","NA","NA",NA,"Other",NA
"93_2018","1","aqp16","1",NA,"Zoonotic Disease Research Laboratory",NA,NA,"Nanopore","rabvPeru2","V2","Minion","FAY26929","Unknown","Amplicon","barcode23",NA,"Single run",NA,"6969","6139","285.1799044","177.0515302","244","0","1058","11883","11878","11872","10386","No",NA,"11351",NA,NA,NA,NA,NA,NA,NA,"Brain","RNAshield","PER: Peru","NA","Unknown",NA,"NA","NA","NA",NA,"Other",NA
"101_2017","1","aqp18","1",NA,"Zoonotic Disease Research Laboratory",NA,NA,"Nanopore","rabvPeru2","V2","Minion","FAY28417","Unknown","Amplicon","barcode17",NA,"Single run",NA,"23321","21278","1113.673991","600.7324751","977","0","3382","11888","11879","11878","11877","No",NA,"11827",NA,NA,NA,NA,NA,NA,NA,"Brain","RNAshield","PER: Peru","NA","Unknown",NA,"NA","NA","NA",NA,"Other",NA
"103_2022","1","aqp17","1",NA,"Zoonotic Disease Research Laboratory",NA,NA,"Nanopore","rabvPeru2","V2","Minion","FAY26929","Unknown","Amplicon","barcode15",NA,"Single run",NA,"24003","22171","1040.247589","684.3980204","853","0","3628","11883","11879","11878","11873","No",NA,"11827",NA,NA,NA,NA,NA,NA,NA,"Brain","RNAshield","PER: Peru","NA","Unknown",NA,"NA","NA","NA",NA,"Other",NA
"107_2018","1","April2022_CVR_metagenomics","1","2022-04-12","University of Glasgow","CVR","220412_M02383_0104_000000000-KC4GT_0mm","Illumina","rabvPeru2",NA,"Unknown",NA,"Miseq","Metagenomic",NA,NA,NA,NA,NA,"1955","47","52",NA,NA,NA,NA,NA,NA,NA,"No","PP965367.1","10500",NA,NA,NA,NA,NA,NA,NA,"Brain","RNAshield","PER: Peru","NA","Unknown",NA,"NA","Positive","NA","Positive","Other",NA
"107_2021","1","aqp12","1",NA,"Zoonotic Disease Research Laboratory",NA,NA,"Nanopore","rabvPeru2",NA,"Minion",NA,"Unknown","Amplicon",NA,NA,NA,NA,"360339","360339","13520.57947","7446.879613","13763","0","32452","11907","11891","11882","11741","No","PP965364.1","10563",NA,NA,"6",NA,NA,NA,NA,"Brain","RNAshield","PER: Peru","NA","Unknown",NA,"NA","Positive","NA","Positive","Other","labid is epi caseid"
"114_2015","1","aqp16","1",NA,"Zoonotic Disease Research Laboratory",NA,NA,"Nanopore","rabvPeru2","V2","Minion","FAY26929","Unknown","Amplicon","barcode15",NA,"Single run",NA,"8462","7494","457.0162711","206.6260118","441","0","1347","11887","11879","11877","11765","No",NA,"11827",NA,NA,NA,NA,NA,NA,NA,"Brain","RNAshield","PER: Peru","NA","Unknown",NA,"NA","NA","NA",NA,"Other",NA
"121_2019","1","April2022_CVR_metagenomics","1","2022-04-12","University of Glasgow","CVR","220412_M02383_0104_000000000-KC4GT_0mm","Illumina","rabvPeru2",NA,"Unknown",NA,"Miseq","Metagenomic",NA,NA,NA,NA,NA,"1236","30","12",NA,NA,NA,NA,NA,NA,NA,"No","PP965360.1","11791",NA,NA,NA,NA,NA,NA,NA,"Brain","RNAshield","PER: Peru","NA","Unknown",NA,"NA","Positive","NA","Positive","Other",NA
"126_2021","1","aqp14","1",NA,"Zoonotic Disease Research Laboratory",NA,NA,"Nanopore","rabvPeru2",NA,"Minion","FAS90955","Unknown","Amplicon",NA,NA,NA,NA,"41076","41076","1826","726","1725","0","4068","11893","11883","11879","11877","No","PP965366.1","11816",NA,NA,NA,NA,NA,NA,NA,"Brain","RNAshield","PER: Peru","NA","Unknown",NA,"NA","Positive","NA","Positive","Other",NA
"140_2020","1","aqp16","1",NA,"Zoonotic Disease Research Laboratory",NA,NA,"Nanopore","rabvPeru2","V2","Minion","FAY26929","Unknown","Amplicon","barcode14",NA,"Single run",NA,"13022","12146","437.3206408","559.4947448","214","0","2689","11882","11876","11001","8067","No",NA,"10125",NA,NA,NA,NA,NA,NA,NA,"Brain","RNAshield","PER: Peru","NA","Unknown",NA,"NA","NA","NA",NA,"Other",NA
"145_2022","1","aqp14","1",NA,"Zoonotic Disease Research Laboratory",NA,NA,"Nanopore","rabvPeru2",NA,"Minion","FAS90955","Unknown","Amplicon",NA,NA,NA,NA,"69588","69588","2757","1405","2617","0","8271","11889","11880","11878","11877","No","PP965361.1","11827",NA,NA,NA,NA,NA,NA,NA,"Brain","RNAshield","PER: Peru","NA","Unknown",NA,"NA","Positive","NA","Positive","Other",NA
"147_2021","1","aqp12","1",NA,"Zoonotic Disease Research Laboratory",NA,NA,"Nanopore","rabvPeru2",NA,"Minion",NA,"Unknown","Amplicon",NA,NA,NA,NA,"372481","372481","14426.29321","6598.682196","14010","0","28867","11914","11891","11885","11878","No","PP965351.1","10565",NA,NA,"7",NA,NA,NA,NA,"Brain","RNAshield","PER: Peru","NA","Unknown",NA,"NA","Positive","NA","Positive","Other","labid is epi caseid"
"147_2022","1","aqp14","1",NA,"Zoonotic Disease Research Laboratory",NA,NA,"Nanopore","rabvPeru2",NA,"Minion","FAS90955","Unknown","Amplicon",NA,NA,NA,NA,"35162","35162","1666","1144","1603","0","4385","11886","11879","11453","10755","No","PP965365.1","10752",NA,NA,NA,NA,NA,NA,NA,"Brain","RNAshield","PER: Peru","NA","Unknown",NA,"NA","Positive","NA","Positive","Other",NA
"149_2020","1","aqp17","1",NA,"Zoonotic Disease Research Laboratory",NA,NA,"Nanopore","rabvPeru2","V2","Minion","FAY26929","Unknown","Amplicon","barcode13",NA,"Single run",NA,"69032","65078","3005.323996","1853.082531","2623","0","8762","11909","11879","11878","11877","No",NA,"11827",NA,NA,NA,NA,NA,NA,NA,"Brain","RNAshield","PER: Peru","NA","Unknown",NA,"NA","NA","NA",NA,"Other",NA
"151_2024","1","aqp16","1",NA,"Zoonotic Disease Research Laboratory",NA,NA,"Nanopore","rabvPeru2","V2","Minion","FAY26929","Unknown","Amplicon","barcode07",NA,"Single run",NA,"64528","61144","2702.211021","1600.573421","2424","0","9904","11896","11880","11878","11877","No",NA,"11827",NA,NA,NA,NA,NA,NA,NA,"Brain","RNAshield","PER: Peru","NA","Unknown",NA,"NA","NA","NA",NA,"Other",NA
"152_2023","1","aqp16","1",NA,"Zoonotic Disease Research Laboratory",NA,NA,"Nanopore","rabvPeru2","V2","Minion","FAY26929","Unknown","Amplicon","barcode10",NA,"Single run",NA,"48021","45626","2213.126562","1122.873037","2140","0","7081","11893","11879","11877","11877","No",NA,"11827",NA,NA,NA,NA,NA,NA,NA,"Brain","RNAshield","PER: Peru","NA","Unknown",NA,"NA","NA","NA",NA,"Other",NA
"158_2022","1","aqp14","1",NA,"Zoonotic Disease Research Laboratory",NA,NA,"Nanopore","rabvPeru2",NA,"Minion","FAS90955","Unknown","Amplicon",NA,NA,NA,NA,"26045","26045","1500","545","1490","0","3150","11889","11879","11878","11877","No","PP965369.1","11825",NA,NA,NA,NA,NA,NA,NA,"Brain","RNAshield","PER: Peru","NA","Unknown",NA,"NA","Positive","NA","Positive","Other",NA
"159_2017","1","aqp16","1",NA,"Zoonotic Disease Research Laboratory",NA,NA,"Nanopore","rabvPeru2","V2","Minion","FAY26929","Unknown","Amplicon","barcode19",NA,"Single run",NA,"16330","14897","857.6008555","476.2706275","758","0","2910","11885","11878","11877","11877","No",NA,"11827",NA,NA,NA,NA,NA,NA,NA,"Brain","RNAshield","PER: Peru","NA","Unknown",NA,"NA","NA","NA",NA,"Other",NA
"162_2024","1","aqp16","1",NA,"Zoonotic Disease Research Laboratory",NA,NA,"Nanopore","rabvPeru2","V2","Minion","FAY26929","Unknown","Amplicon","barcode08",NA,"Single run",NA,"29159","28520","1190.163717","615.420115","1227","0","2825","11890","11877","11877","11877","No",NA,"11827",NA,NA,NA,NA,NA,NA,NA,"Brain","RNAshield","PER: Peru","NA","Unknown",NA,"NA","NA","NA",NA,"Other",NA
"172_2022","1","aqp14","1",NA,"Zoonotic Disease Research Laboratory",NA,NA,"Nanopore","rabvPeru2",NA,"Minion","FAS90955","Unknown","Amplicon",NA,NA,NA,NA,"83048","83048","3167","1618","3004","0","9030","11891","11883","11879","11878","No","PP965371.1","11812",NA,NA,NA,NA,NA,NA,NA,"Brain","RNAshield","PER: Peru","NA","Unknown",NA,"NA","Positive","NA","Positive","Other",NA
"173_2022","1","aqp14","1",NA,"Zoonotic Disease Research Laboratory",NA,NA,"Nanopore","rabvPeru2",NA,"Minion","FAS90955","Unknown","Amplicon",NA,NA,NA,NA,"60646","60646","2606","1257","2689","0","6952","11903","11886","11879","11678","No","PP965368.1","11819",NA,NA,NA,NA,NA,NA,NA,"Brain","RNAshield","PER: Peru","NA","Unknown",NA,"NA","Positive","NA","Positive","Other",NA
"182_2019","1","April2022_CVR_metagenomics","1","2022-04-12","University of Glasgow","CVR","220412_M02383_0104_000000000-KC4GT_0mm","Illumina","rabvPeru2",NA,"Unknown",NA,"Miseq","Metagenomic",NA,NA,NA,NA,NA,"1044","25","16",NA,NA,NA,NA,NA,NA,NA,"No","PP965362.1","11273",NA,NA,NA,NA,NA,NA,NA,"Brain","RNAshield","PER: Peru","NA","Unknown",NA,"NA","Positive","NA","Positive","Other",NA
"183_2023","1","aqp17","1",NA,"Zoonotic Disease Research Laboratory",NA,NA,"Nanopore","rabvPeru2","V2","Minion","FAY26929","Unknown","Amplicon","barcode18",NA,"Single run",NA,"102405","99340","3813.063658","2348.639296","3718","0","11819","11889","11880","11878","11877","No",NA,"11827",NA,NA,NA,NA,NA,NA,NA,"Brain","RNAshield","PER: Peru","NA","Unknown",NA,"NA","NA","NA",NA,"Other",NA
"202_2021","1","aqp12","1",NA,"Zoonotic Disease Research Laboratory",NA,NA,"Nanopore","rabvPeru2",NA,"Minion",NA,"Unknown","Amplicon",NA,NA,NA,NA,"112087","112087","7031.275015","1899.763072","7182","0","12989","11905","11887","11882","11878","No","PP965344.1","10563",NA,NA,"8",NA,NA,NA,NA,"Brain","RNAshield","PER: Peru","NA","Unknown",NA,"NA","Positive","NA","Positive","Other","labid is epi caseid"
"213_2021","1","aqp16","1",NA,"Zoonotic Disease Research Laboratory",NA,NA,"Nanopore","rabvPeru2","V2","Minion","FAY26929","Unknown","Amplicon","barcode01",NA,"Single run",NA,"19986","19107","665.8556571","458.537034","566","0","2313","11881","11842","11691","11092","No",NA,"11592",NA,NA,NA,NA,NA,NA,NA,"Brain","RNAshield","PER: Peru","NA","Unknown",NA,"NA","NA","NA",NA,"Other",NA
"219_2022","1","aqp14","1",NA,"Zoonotic Disease Research Laboratory",NA,NA,"Nanopore","rabvPeru2",NA,"Minion","FAS90955","Unknown","Amplicon",NA,NA,NA,NA,"36608","36608","2472","878","2508","0","4893","11907","11880","11878","11877","No","PP965347.1","11822",NA,NA,NA,NA,NA,NA,NA,"Brain","RNAshield","PER: Peru","NA","Unknown",NA,"NA","Positive","NA","Positive","Other",NA
"220_2019","1","aqp18","1",NA,"Zoonotic Disease Research Laboratory",NA,NA,"Nanopore","rabvPeru2","V2","Minion","FAY28417","Unknown","Amplicon","barcode21",NA,"Single run",NA,"187","177","6.243311247","9.734149251","1","0","37","8321","3574","1489","0","No",NA,"1074",NA,NA,NA,NA,NA,NA,NA,"Brain","RNAshield","PER: Peru","NA","Unknown",NA,"NA","NA","NA",NA,"Other",NA
"225_2017","1","aqp18","1",NA,"Zoonotic Disease Research Laboratory",NA,NA,"Nanopore","rabvPeru2","V2","Minion","FAY28417","Unknown","Amplicon","barcode19",NA,"Single run",NA,"114238","109652","4995.683385","2670.543943","4649","0","15466","11896","11883","11878","11877","No",NA,"11827",NA,NA,NA,NA,NA,NA,NA,"Brain","RNAshield","PER: Peru","NA","Unknown",NA,"NA","NA","NA",NA,"Other",NA
"227_2019","1","aqp16","1",NA,"Zoonotic Disease Research Laboratory",NA,NA,"Nanopore","rabvPeru2","V2","Minion","FAY26929","Unknown","Amplicon","barcode24",NA,"Single run",NA,"4140","3927","243.751321","96.64727967","242","0","476","11879","11877","11877","11010","No",NA,"11827",NA,NA,NA,NA,NA,NA,NA,"Brain","RNAshield","PER: Peru","NA","Unknown",NA,"NA","NA","NA",NA,"Other",NA
"231_2021","1","aqp14","1",NA,"Zoonotic Disease Research Laboratory",NA,NA,"Nanopore","rabvPeru2",NA,"Minion","FAS90955","Unknown","Amplicon",NA,NA,NA,NA,"28192","28192","1405","515","1363","0","2943","11891","11883","11878","11877","No","PP965374.1","11801",NA,NA,NA,NA,NA,NA,NA,"Brain","RNAshield","PER: Peru","NA","Unknown",NA,"NA","Positive","NA","Positive","Other",NA
"234_2016","1","aqp18","1",NA,"Zoonotic Disease Research Laboratory",NA,NA,"Nanopore","rabvPeru2","V2","Minion","FAY28417","Unknown","Amplicon","barcode12",NA,"Single run",NA,"49601","46268","2305.569488","1207.273528","2059","0","6599","11906","11881","11878","11877","No",NA,"11827",NA,NA,NA,NA,NA,NA,NA,"Brain","RNAshield","PER: Peru","NA","Unknown",NA,"NA","NA","NA",NA,"Other",NA
"236_2019","1","aqp18","1",NA,"Zoonotic Disease Research Laboratory",NA,NA,"Nanopore","rabvPeru2","V2","Minion","FAY28417","Unknown","Amplicon","barcode05",NA,"Single run",NA,"37348","34318","1438.065839","1051.891834","1138","0","4952","11886","11881","11878","11877","No",NA,"11827",NA,NA,NA,NA,NA,NA,NA,"Brain","RNAshield","PER: Peru","NA","Unknown",NA,"NA","NA","NA",NA,"Other",NA
"236_2022","1","aqp12","1",NA,"Zoonotic Disease Research Laboratory",NA,NA,"Nanopore","rabvPeru2",NA,"Minion",NA,"Unknown","Amplicon",NA,NA,NA,NA,"758917","758917","25057.9241","17386.99122","21815","0","76266","11912","11909","11695","11170","No","PP965345.1","9755",NA,NA,"12",NA,NA,NA,NA,"Brain","RNAshield","PER: Peru","NA","Unknown",NA,"NA","Positive","NA","Positive","Other","labid is epi caseid"
"246_2022","1","aqp18","1",NA,"Zoonotic Disease Research Laboratory",NA,NA,"Nanopore","rabvPeru2","V2","Minion","FAY28417","Unknown","Amplicon","barcode08",NA,"Single run",NA,"73297","69980","3582.809108","1843.720329","3361","0","10837","11895","11880","11878","11870","No",NA,"11827",NA,NA,NA,NA,NA,NA,NA,"Brain","RNAshield","PER: Peru","NA","Unknown",NA,"NA","NA","NA",NA,"Other",NA
"250_2021","1","aqp12","1",NA,"Zoonotic Disease Research Laboratory",NA,NA,"Nanopore","rabvPeru2",NA,"Minion",NA,"Unknown","Amplicon",NA,NA,NA,NA,"350173","350173","14068.4238","5934.630135","13114","0","28102","11911","11888","11884","11879","No","PP965363.1","10565",NA,NA,"9",NA,NA,NA,NA,"Brain","RNAshield","PER: Peru","NA","Unknown",NA,"NA","Positive","NA","Positive","Other","labid is epi caseid"
"251_2021","1","aqp12","1",NA,"Zoonotic Disease Research Laboratory",NA,NA,"Nanopore","rabvPeru2",NA,"Minion",NA,"Unknown","Amplicon",NA,NA,NA,NA,"115094","115094","7739.703011","2039.411882","7802","0","13046","11897","11887","11880","11878","No","PP965354.1","10565",NA,NA,"10",NA,NA,NA,NA,"Brain","RNAshield","PER: Peru","NA","Unknown",NA,"NA","Positive","NA","Positive","Other","labid is epi caseid"
"266_2022","1","aqp18","1",NA,"Zoonotic Disease Research Laboratory",NA,NA,"Nanopore","rabvPeru2","V2","Minion","FAY28417","Unknown","Amplicon","barcode09",NA,"Single run",NA,"67487","62829","2593.050491","1841.860463","2125","0","8382","11894","11881","11878","11877","No",NA,"11827",NA,NA,NA,NA,NA,NA,NA,"Brain","RNAshield","PER: Peru","NA","Unknown",NA,"NA","NA","NA",NA,"Other",NA
"270_2023","1","aqp18","1",NA,"Zoonotic Disease Research Laboratory",NA,NA,"Nanopore","rabvPeru2","V2","Minion","FAY28417","Unknown","Amplicon","barcode10",NA,"Single run",NA,"26031","25459","1032.544913","566.3625555","983","0","2905","11880","11877","11877","11870","No",NA,"11827",NA,NA,NA,NA,NA,NA,NA,"Brain","RNAshield","PER: Peru","NA","Unknown",NA,"NA","NA","NA",NA,"Other",NA
"272_2017","1","aqp18","1",NA,"Zoonotic Disease Research Laboratory",NA,NA,"Nanopore","rabvPeru2","V2","Minion","FAY28417","Unknown","Amplicon","barcode20",NA,"Single run",NA,"25268","23174","882.8111214","799.824554","589","0","4040","11882","11879","11692","11667","No",NA,"11592",NA,NA,NA,NA,NA,NA,NA,"Brain","RNAshield","PER: Peru","NA","Unknown",NA,"NA","NA","NA",NA,"Other",NA
"272_2019","1","aqp18","1",NA,"Zoonotic Disease Research Laboratory",NA,NA,"Nanopore","rabvPeru2","V2","Minion","FAY28417","Unknown","Amplicon","barcode06",NA,"Single run",NA,"32942","31950","1327.72834","649.3297819","1268","0","3471","11881","11877","11877","11877","No",NA,"11827",NA,NA,NA,NA,NA,NA,NA,"Brain","RNAshield","PER: Peru","NA","Unknown",NA,"NA","NA","NA",NA,"Other",NA
"273_2023","1","aqp17","1",NA,"Zoonotic Disease Research Laboratory",NA,NA,"Nanopore","rabvPeru2","V2","Minion","FAY26929","Unknown","Amplicon","barcode19",NA,"Single run",NA,"97541","93859","3652.096788","2191.904086","3509","0","10988","11887","11879","11878","11877","No",NA,"11827",NA,NA,NA,NA,NA,NA,NA,"Brain","RNAshield","PER: Peru","NA","Unknown",NA,"NA","NA","NA",NA,"Other",NA
"280_2022","1","aqp16","1",NA,"Zoonotic Disease Research Laboratory",NA,NA,"Nanopore","rabvPeru2","V2","Minion","FAY26929","Unknown","Amplicon","barcode11",NA,"Single run",NA,"24475","22516","1289.679946","677.8216039","1135","0","3943","11896","11878","11878","11877","No",NA,"11827",NA,NA,NA,NA,NA,NA,NA,"Brain","RNAshield","PER: Peru","NA","Unknown",NA,"NA","NA","NA",NA,"Other",NA
"286_2022","1","aqp16","1",NA,"Zoonotic Disease Research Laboratory",NA,NA,"Nanopore","rabvPeru2","V2","Minion","FAY26929","Unknown","Amplicon","barcode12",NA,"Single run",NA,"34324","32778","1338.357209","1134.356529","956","0","5564","11882","11878","11678","10928","No",NA,"11582",NA,NA,NA,NA,NA,NA,NA,"Brain","RNAshield","PER: Peru","NA","Unknown",NA,"NA","NA","NA",NA,"Other",NA
"289_2019","1","aqp18","1",NA,"Zoonotic Disease Research Laboratory",NA,NA,"Nanopore","rabvPeru2","V2","Minion","FAY28417","Unknown","Amplicon","barcode07",NA,"Single run",NA,"19446","17211","699.4111381","499.0565254","560","0","2289","11882","11879","11878","11687","No",NA,"11827",NA,NA,NA,NA,NA,NA,NA,"Brain","RNAshield","PER: Peru","NA","Unknown",NA,"NA","NA","NA",NA,"Other",NA
"291_2016","1","aqp16","1",NA,"Zoonotic Disease Research Laboratory",NA,NA,"Nanopore","rabvPeru2","V2","Minion","FAY26929","Unknown","Amplicon","barcode18",NA,"Single run",NA,"20533","18538","809.5574939","669.5261887","657","0","3272","11883","11878","11876","11637","No",NA,"11805",NA,NA,NA,NA,NA,NA,NA,"Brain","RNAshield","PER: Peru","NA","Unknown",NA,"NA","NA","NA",NA,"Other",NA
"297_2023","1","aqp16","1",NA,"Zoonotic Disease Research Laboratory",NA,NA,"Nanopore","rabvPeru2","V2","Minion","FAY26929","Unknown","Amplicon","barcode09",NA,"Single run",NA,"61689","57856","2185.476977","1704.218719","1595","0","9371","11885","11879","11878","11876","No",NA,"11827",NA,NA,NA,NA,NA,NA,NA,"Brain","RNAshield","PER: Peru","NA","Unknown",NA,"NA","NA","NA",NA,"Other",NA
"319_2017","1","aqp17","1",NA,"Zoonotic Disease Research Laboratory",NA,NA,"Nanopore","rabvPeru2","V2","Minion","FAY26929","Unknown","Amplicon","barcode10",NA,"Single run",NA,"14826","12897","472.4557578","411.355064","353","0","2001","11881","11878","11250","9973","No",NA,"11011",NA,NA,NA,NA,NA,NA,NA,"Brain","RNAshield","PER: Peru","NA","Unknown",NA,"NA","NA","NA",NA,"Other",NA
"358_2023","1","aqp18","1",NA,"Zoonotic Disease Research Laboratory",NA,NA,"Nanopore","rabvPeru2","V2","Minion","FAY28417","Unknown","Amplicon","barcode11",NA,"Single run",NA,"153333","147444","5869.148453","3582.528661","5427","0","17777","11897","11881","11878","11877","No",NA,"11827",NA,NA,NA,NA,NA,NA,NA,"Brain","RNAshield","PER: Peru","NA","Unknown",NA,"NA","NA","NA",NA,"Other",NA
"367_2015","1","aqp16","1",NA,"Zoonotic Disease Research Laboratory",NA,NA,"Nanopore","rabvPeru2","V2","Minion","FAY26929","Unknown","Amplicon","barcode16",NA,"Single run",NA,"37449","35263","1852.589952","984.0934531","1723","0","5910","11883","11879","11877","11877","No",NA,"11827",NA,NA,NA,NA,NA,NA,NA,"Brain","RNAshield","PER: Peru","NA","Unknown",NA,"NA","NA","NA",NA,"Other",NA
"374_2018","1","aqp18","1",NA,"Zoonotic Disease Research Laboratory",NA,NA,"Nanopore","rabvPeru2","V2","Minion","FAY28417","Unknown","Amplicon","barcode02",NA,"Single run",NA,"49786","48191","2467.679527","1040.071956","2312","0","6182","11882","11879","11877","11877","No",NA,"11827",NA,NA,NA,NA,NA,NA,NA,"Brain","RNAshield","PER: Peru","NA","Unknown",NA,"NA","NA","NA",NA,"Other",NA
"375_2017","1","April2022_CVR_metagenomics","1","2022-04-12","University of Glasgow","CVR","220412_M02383_0104_000000000-KC4GT_0mm","Illumina","rabvPeru2",NA,"Unknown",NA,"Miseq","Metagenomic",NA,NA,NA,NA,NA,"3545","88","82",NA,NA,NA,NA,NA,NA,NA,"No","PP965352.1","11893",NA,NA,NA,NA,NA,NA,NA,"Brain","RNAshield","PER: Peru","NA","Unknown",NA,"NA","Positive","NA","Positive","Other",NA
"375_2018","1","aqp18","1",NA,"Zoonotic Disease Research Laboratory",NA,NA,"Nanopore","rabvPeru2","V2","Minion","FAY28417","Unknown","Amplicon","barcode03",NA,"Single run",NA,"19356","18425","1049.111297","447.6516802","1073","0","2552","11887","11879","11877","11877","No",NA,"11827",NA,NA,NA,NA,NA,NA,NA,"Brain","RNAshield","PER: Peru","NA","Unknown",NA,"NA","NA","NA",NA,"Other",NA
"386_2016","1","aqp18","1",NA,"Zoonotic Disease Research Laboratory",NA,NA,"Nanopore","rabvPeru2","V2","Minion","FAY28417","Unknown","Amplicon","barcode13",NA,"Single run",NA,"109858","106814","4355.683217","2585.929751","4062","0","12632","11892","11879","11877","11877","No",NA,"11827",NA,NA,NA,NA,NA,NA,NA,"Brain","RNAshield","PER: Peru","NA","Unknown",NA,"NA","NA","NA",NA,"Other",NA
"402_2017","1","aqp16","1",NA,"Zoonotic Disease Research Laboratory",NA,NA,"Nanopore","rabvPeru2","V2","Minion","FAY26929","Unknown","Amplicon","barcode20",NA,"Single run",NA,"14341","13176","894.0733876","437.420827","865","0","2575","11883","11878","11877","11876","No",NA,"11827",NA,NA,NA,NA,NA,NA,NA,"Brain","RNAshield","PER: Peru","NA","Unknown",NA,"NA","NA","NA",NA,"Other",NA
"462_2016","1","aqp18","1",NA,"Zoonotic Disease Research Laboratory",NA,NA,"Nanopore","rabvPeru2","V2","Minion","FAY28417","Unknown","Amplicon","barcode14",NA,"Single run",NA,"31887","28902","1261.757947","815.3602504","1053","0","4044","11886","11880","11878","11877","No",NA,"11827",NA,NA,NA,NA,NA,NA,NA,"Brain","RNAshield","PER: Peru","NA","Unknown",NA,"NA","NA","NA",NA,"Other",NA
"481_2016","1","aqp18","1",NA,"Zoonotic Disease Research Laboratory",NA,NA,"Nanopore","rabvPeru2","V2","Minion","FAY28417","Unknown","Amplicon","barcode15",NA,"Single run",NA,"39595","37121","1902.846683","1051.098488","1695","0","5552","11889","11881","11878","11877","No",NA,"11827",NA,NA,NA,NA,NA,NA,NA,"Brain","RNAshield","PER: Peru","NA","Unknown",NA,"NA","NA","NA",NA,"Other",NA
"485_2016","1","aqp18","1",NA,"Zoonotic Disease Research Laboratory",NA,NA,"Nanopore","rabvPeru2","V2","Minion","FAY28417","Unknown","Amplicon","barcode16",NA,"Single run",NA,"49058","46423","2435.043529","1218.070848","2256","0","7726","11882","11880","11878","11877","No",NA,"11827",NA,NA,NA,NA,NA,NA,NA,"Brain","RNAshield","PER: Peru","NA","Unknown",NA,"NA","NA","NA",NA,"Other",NA
"560_2015","1","April2022_CVR_metagenomics","1","2022-04-12","University of Glasgow","CVR","220412_M02383_0104_000000000-KC4GT_0mm","Illumina","rabvPeru2",NA,"Unknown",NA,"Miseq","Metagenomic",NA,NA,NA,NA,NA,"2106","52","30",NA,NA,NA,NA,NA,NA,NA,"No","PP965348.1","11884",NA,NA,NA,NA,NA,NA,NA,"Brain","RNAshield","PER: Peru","NA","Unknown",NA,"NA","Positive","NA","Positive","Other",NA
"609_2015","1","aqp17","1",NA,"Zoonotic Disease Research Laboratory",NA,NA,"Nanopore","rabvPeru2","V2","Minion","FAY26929","Unknown","Amplicon","barcode01",NA,"Single run",NA,"36369","32485","1345.362241","909.7592498","1111","0","4506","11891","11881","11878","11876","No",NA,"11827",NA,NA,NA,NA,NA,NA,NA,"Brain","RNAshield","PER: Peru","NA","Unknown",NA,"NA","NA","NA",NA,"Other",NA
"653_2015","1","aqp17","1",NA,"Zoonotic Disease Research Laboratory",NA,NA,"Nanopore","rabvPeru2","V2","Minion","FAY26929","Unknown","Amplicon","barcode02",NA,"Single run",NA,"34042","32909","1369.837373","659.203535","1349","0","3481","11884","11878","11877","11877","No",NA,"11827",NA,NA,NA,NA,NA,NA,NA,"Brain","RNAshield","PER: Peru","NA","Unknown",NA,"NA","NA","NA",NA,"Other",NA
"696_2015","1","aqp17","1",NA,"Zoonotic Disease Research Laboratory",NA,NA,"Nanopore","rabvPeru2","V2","Minion","FAY26929","Unknown","Amplicon","barcode03",NA,"Single run",NA,"28514","26881","929.9698063","784.2987268","699","0","4370","11884","11879","11690","11144","No",NA,"11272",NA,NA,NA,NA,NA,NA,NA,"Brain","RNAshield","PER: Peru","NA","Unknown",NA,"NA","NA","NA",NA,"Other",NA
"699_2015","1","aqp17","1",NA,"Zoonotic Disease Research Laboratory",NA,NA,"Nanopore","rabvPeru2","V2","Minion","FAY26929","Unknown","Amplicon","barcode04",NA,"Single run",NA,"31257","28854","995.2118594","796.1060768","909","0","3507","11904","11879","11876","11143","No",NA,"11272",NA,NA,NA,NA,NA,NA,NA,"Brain","RNAshield","PER: Peru","NA","Unknown",NA,"NA","NA","NA",NA,"Other",NA
"704_2015","1","aqp17","1",NA,"Zoonotic Disease Research Laboratory",NA,NA,"Nanopore","rabvPeru2","V2","Minion","FAY26929","Unknown","Amplicon","barcode05",NA,"Single run",NA,"43230","39784","1661.541139","1064.814569","1394","0","5099","11903","11882","11878","11877","No",NA,"11827",NA,NA,NA,NA,NA,NA,NA,"Brain","RNAshield","PER: Peru","NA","Unknown",NA,"NA","NA","NA",NA,"Other",NA
"711_2015","1","aqp17","1",NA,"Zoonotic Disease Research Laboratory",NA,NA,"Nanopore","rabvPeru2","V2","Minion","FAY26929","Unknown","Amplicon","barcode06",NA,"Single run",NA,"107300","104192","3578.403757","2573.406899","3190","0","11733","11883","11881","11878","11691","No",NA,"11827",NA,NA,NA,NA,NA,NA,NA,"Brain","RNAshield","PER: Peru","NA","Unknown",NA,"NA","NA","NA",NA,"Other",NA
"3553_2010","1","April2022_CVR_metagenomics","1","2022-04-12","University of Glasgow","CVR","220412_M02383_0104_000000000-KC4GT_0mm","Illumina","rabvPeru2",NA,"Unknown",NA,"Miseq","Metagenomic",NA,NA,NA,NA,NA,"3848","95","52",NA,NA,NA,NA,NA,NA,NA,"No","PP965355.1","11904",NA,NA,NA,NA,NA,NA,NA,"Brain","RNAshield","PER: Peru","NA","Unknown",NA,"NA","Positive","NA","Positive","Other",NA
"1101786","1","dec19_gla_metagenomic","1","2019-11-22","University of Glasgow","CVR","191122_NB551552_0036_AHWVHVAFXY_rabies","Illumina","rabvPeru2",NA,"Unknown",NA,"Unknown","Metagenomic",NA,NA,NA,NA,NA,"173909","2987","741",NA,NA,NA,NA,NA,NA,NA,"No","PP965373.1","11869",NA,"Streicker seq",NA,"1203037_peru",NA,NA,NA,"Brain","RNAshield","PER: Peru","NA","Unknown",NA,"NA","Positive","NA","Positive","Other",NA
"1101787","1","dec19_gla_metagenomic","1","2019-11-22","University of Glasgow","CVR","191122_NB551552_0036_AHWVHVAFXY_rabies","Illumina","rabvPeru2",NA,"Unknown",NA,"Unknown","Metagenomic",NA,NA,NA,NA,NA,"731825","6536","1471",NA,NA,NA,NA,NA,NA,NA,"No","KU938752.2","11874",NA,"Streicker seq, updated accession",NA,"1101786_peru",NA,NA,NA,"Brain","RNAshield","PER: Peru","NA","Unknown",NA,"NA","Positive","NA","Positive","Other",NA
"1203037","1","dec19_gla_metagenomic","1","2019-11-22","University of Glasgow","CVR","191122_NB551552_0036_AHWVHVAFXY_rabies","Illumina","rabvPeru2",NA,"Unknown",NA,"Unknown","Metagenomic",NA,NA,NA,NA,NA,"12966","237","169",NA,NA,NA,NA,NA,NA,NA,"No","KU938829.2","11842",NA,"Streicker seq, updated accession",NA,"1101787_peru",NA,NA,NA,"Brain","RNAshield","PER: Peru","NA","Unknown",NA,"NA","Positive","NA","Positive","Other",NA
