sequenced.,ID_MUESTRA,year,X,case_regional,case_local,district,locality,dog_status,complaint_date,symptom_date,kill_date,sample_date,ship_date,contain_date,infectious_period,noncontained_period,lon,lat,x_utm,y_utm,X.1,best_date,species
Y,202,2021,202_2021,Caso041,NA,PEDREGAL,LOS MOLLES,CON DUENHO,6/14/21,10/6/21,14/06/21,14/06/21,15/06/21,17/06/21,4,7,-72.20092481,-16.3489947,799117.5441,8190438.856,NA,10-Jun-21,LIVESTOCK
Y,250,2021,250_2021,Caso048,NA,PEDREGAL,PEDREGAL SUR II ETAPA,SIN DUENHO,8/9/21,9/8/21,10/8/21,10/8/21,11/8/21,12/8/21,1,3,-72.19833388,-16.38321775,799342.2911,8186645.505,NA,9-Aug-21,LIVESTOCK
Y,236,2022,236_2022,Caso028,NA,PEDREGAL,NA,CON DUENHO,9/7/22,4/9/22,7/9/22,7/9/22,7/9/22,8/9/22,3,4,-72.19504,-16.335434,799767.4034,8191931.773,NA,4-Sep-22,DOG
Y,147,2021,147_2021,Caso035,NA,PEDREGAL,CIUDAD MAJES,CON DUE‚àö√´O,4/18/21,12/4/21,18/04/21,19/04/21,20/04/21,22/04/21,6,10,-72.18179114,-16.32494862,801200.0496,8193073.269,NA,12-Apr-21,DOG
Y,71,2021,71_2021,Caso020,NA,PEDREGAL,NA,NA,3/5/21,5/3/21,6/3/21,6/3/21,8/3/21,8/3/21,1,3,-72.180824,-16.310675,801325.33,8194652.378,NA,5-Mar-21,DOG
Y,52,2021,52_2021,Caso016,NA,PEDREGAL,CIUDAD MAJES MODULO B,NA,2/24/21,22/02/21,24/02/21,24/02/21,25/02/21,27/02/21,2,5,-72.18033884,-16.3277413,801351.0575,8192761.882,NA,22-Feb-21,DOG
Y,34,2021,34_2021,Caso014,NA,PEDREGAL,CIUDAD MAJES MODULO E SECTOR 2,NA,2/9/21,5/2/21,10/2/21,11/2/21,11/2/21,12/2/21,5,7,-72.17833375,-16.32003749,801577.2704,8193611.969,NA,5-Feb-21,DOG
Y,73,2021,73_2021,Caso021,NA,PEDREGAL,LA COLINA,NA,3/6/21,5/3/21,6/3/21,6/3/21,6/3/21,6/3/21,1,1,-72.17603,-16.333763,801802.5342,8192088.702,NA,5-Mar-21,DOG
Y,107,2021,107_2021,Caso029,NA,PEDREGAL,NA,NA,3/20/21,18/03/21,20/03/21,20/03/21,22/03/21,23/03/21,2,5,-72.17553218,-16.30828596,801894.8752,8194909.088,NA,18-Mar-21,DOG
Y,68,2021,68_2021,Caso019,NA,PEDREGAL,NUEVO HORIZONTE EL BOSQUE,NA,3/3/21,26/02/21,3/3/21,3/3/21,3/3/21,5/3/21,5,7,-72.17536,-16.307302,801914.797,8195017.788,NA,26-Feb-21,DOG
Y,251,2021,251_2021,Caso049,NA,PEDREGAL,LA GRANJA EL PARAISO,CON DUENHO,8/10/21,9/8/21,9/8/21,10/8/21,11/8/21,12/8/21,0,3,-72.17306338,-16.31916435,802142.1722,8193700.841,NA,9-Aug-21,DOG
Y,16,2021,16_2021,Caso007,NA,YURA,CIUDAD DE DIOS,CON DUENHO,1/24/21,18/01/21,24/01/21,24/01/21,25/01/21,25/01/21,6,7,-71.65079812,-16.30894284,858018.2404,8193986.409,NA,18-Jan-21,DOG
Y,321,2023,321_2023,Caso024,NA,YURA,Asociaci‚àö‚â•n Bellavista - Las Ardillas Zona 1 J -9,CON DUENHO,8/25/23,24/08/23,26/08/23,26/08/23,28/08/23,26/08/23,2,2,-71.64627,-16.309694,858501.2939,8193895.231,NA,24-Aug-23,DOG
Y,147,2022,147_2022,Caso015,NA,YURA,LAS PERLAS,CON DUENHO,6/10/22,9/6/22,10/6/22,10/6/22,10/6/22,11/6/22,1,2,-71.64023135,-16.28942697,859184.3075,8196129.757,NA,9-Jun-22,DOG
Y,225,2017,225_2017,Caso029,NA,YURA,RESIDENTES PUNO,NA,7/2/17,30/06/17,3/7/17,3/7/17,3/7/17,3/7/17,3,3,-71.63782737,-16.3095575,859404.746,8193895.469,NA,30-Jun-17,DOG
Y,61,2021,61_2021,Caso018,NA,CERRO COLORADO,LAS LOMAS,NA,2/28/21,24/02/21,28/02/21,1/3/21,1/3/21,3/3/21,4,7,-71.63603084,-16.36436253,859496.5592,8187821.003,NA,24-Feb-21,DOG
Y,25,2020,25_2020,Caso003,NA,YURA,NA,CON DUENHO,2/4/20,NA,4/2/20,4/2/20,4/2/20,5/2/20,NA,NA,-71.63416176,-16.30158003,859811.4918,8194772.74,NA,4-Feb-20,DOG
Y,56,2021,56_2021,Caso017,NA,CERRO COLORADO,PROFAN 1RA ETAPA,NA,2/26/21,25/02/21,26/02/21,27/02/21,27/02/21,1/3/21,1,4,-71.63340684,-16.311133,859874.779,8193713.129,NA,25-Feb-21,DOG
Y,30,2023,30_2023,Caso003,NA,YURA,CIUDAD DE DIOS PROFAM MZ 3 LT 3,CON DUENHO,2/7/23,3/2/23,7/2/23,7/2/23,7/2/23,9/2/23,4,6,-71.62962094,-16.31970472,860264.09,8192756.855,NA,3-Feb-23,DOG
Y,209,2018,209_2018,Caso025,NA,YURA,NA,NS,NA,NA,16/05/18,18/05/18,18/05/18,18/05/18,NA,NA,-71.6272,-16.307352,860545.728,8194121.009,NA,16-May-18,DOG
Y,374,2018,374_2018,Caso037,NA,YURA,CIUDAD DE DIOS,NA,NA,NA,6/10/18,8/10/18,9/10/18,11/10/18,NA,NA,-71.627045,-16.293726,860587.2809,8195630.23,NA,6-Oct-18,DOG
Y,152,2023,152_2023,Caso009,NA,YURA,ASOCIACION DE VIVIENDASEL ALTIPLANO MZF LT 4,CON DUENHO,4/1/23,31/03/23,1/4/23,3/4/23,3/4/23,3/4/23,1,3,-71.62690187,-16.30825707,860575.9633,8194020.217,NA,31-Mar-23,DOG
Y,244,2019,244_2019,Caso023,NA,YURA,NA,NS,8/7/19,30/07/19,7/8/19,7/8/19,8/8/19,14/08/19,8,15,-71.62578761,-16.29681517,860716.1498,8195285.785,NA,30-Jul-19,DOG
Y,236,2019,236_2019,Caso020,NA,YURA,NA,NA,NA,NA,1/8/19,1/8/19,2/8/19,31/07/19,NA,NA,-71.62386,-16.328714,860863.8294,8191748.591,NA,1-Aug-19,DOG
Y,227,2019,227_2019,Caso019,NA,YURA,NA,CON DUENHO,7/23/19,NA,24/07/19,24/07/19,25/07/19,26/07/19,NA,NA,-71.6234298,-16.32870047,860909.8737,8191749.326,NA,24-Jul-19,DOG
Y,30,2021,30_2021,Caso013,NA,YURA,COMITE 7,NA,2/5/21,4/2/21,5/2/21,7/2/21,8/2/21,9/2/21,1,5,-71.6234,-16.293974,860976.81,8195596.305,NA,4-Feb-21,DOG
Y,280,2022,280_2022,Caso034,NA,CERRO COLORADO,MARISCAL CASTILLA,CON DUENHO,10/13/22,8/10/22,12/10/22,13/10/22,13/10/22,17/10/22,4,9,-71.62308263,-16.37918904,860854.0839,8186155.523,NA,8-Oct-22,DOG
Y,375,2018,375_2018,Caso038,NA,YURA,CIUDAD DE DIOS,NA,NA,NA,8/10/18,9/10/18,9/10/18,11/10/18,NA,NA,-71.6183252,-16.30910151,861491.9763,8193911.464,NA,8-Oct-18,DOG
Y,51,2018,51_2018,Caso008,3,CERRO COLORADO,JLBYR SECTOR 9 AMPLIACION,CON DUENHO,2/13/18,10/2/18,13/02/18,13/02/18,13/02/18,15/02/18,3,5,-71.61768,-16.351608,861482.7498,8189201.38,NA,10-Feb-18,DOG
Y,47,2019,47_2019,Caso006,NA,YURA,NA,NS,NA,NA,16/02/19,16/02/19,18/02/19,23/02/19,NA,NA,-71.61698,-16.3038,861645.6384,8194496.384,NA,16-Feb-19,DOG
Y,442,2016,442_2016,NA,15,CERRO COLORADO,APIPA SECTOR XII,NA,9/15/16,15/09/16,18/09/16,18/09/16,19/09/16,19/09/16,3,4,-71.61649811,-16.33453865,861640.6242,8191090.25,NA,15-Sep-16,DOG
Y,140,2020,140_2020,Caso017,NA,YURA,NA,NA,11/29/20,28/11/20,30/11/20,30/11/20,30/11/20,4/12/20,2,6,-71.61608093,-16.30290222,861743.4776,8194594.245,NA,28-Nov-20,DOG
Y,88,2019,88_2019,Caso008,NA,CERRO COLORADO,NA,CON DUENHO,3/18/19,16/03/19,18/03/19,18/03/19,18/03/19,19/03/19,2,3,-71.61434554,-16.35615896,861831.0081,8188691.278,NA,16-Mar-19,DOG
Y,140,2018,140_2018,Caso018,7,CERRO COLORADO,JLBYR SECTOR 9,SIN DUENHO,4/14/18,6/4/18,14/04/18,14/04/18,14/04/18,17/04/18,8,11,-71.61238,-16.345425,862061.0546,8189876.907,NA,6-Apr-18,DOG
Y,447,2018,447_2018,Caso047,NA,CERRO COLORADO,NA,NA,NA,NA,25/11/18,26/11/18,27/11/18,27/11/18,NA,NA,-71.612175,-16.35057,862073.4852,8189306.567,NA,25-Nov-18,DOG
Y,56,2023,56_2023,Caso004,NA,CERRO COLORADO,APIPA 3 MZ F LOTE 21,CON DUENHO,2/17/23,15/02/23,17/02/23,17/02/23,17/02/23,18/02/23,2,3,-71.61011813,-16.33019529,862331.107,8191560.06,NA,15-Feb-23,DOG
Y,41,2020,41_2020,Caso005,NA,YURA,NA,CON DUENHO,2/12/20,10/2/20,11/2/20,13/02/20,13/02/20,14/02/20,1,4,-71.60915384,-16.3177206,862457.2747,8192940.317,NA,10-Feb-20,DOG
Y,145,2022,145_2022,Caso014,NA,CERRO COLORADO,JLByR SECTOR 5,SIN DUENHO,6/8/22,6/6/22,8/6/22,9/6/22,10/6/22,11/6/22,2,5,-71.60647222,-16.33964061,862703.6705,8190507.182,NA,6-Jun-22,DOG
Y,35,2018,35_2018,Caso005,2,CERRO COLORADO,JLBYR SECTOR 6,CON DUENHO,1/28/18,28/01/18,30/01/18,31/01/18,1/2/18,2/2/18,2,5,-71.60505,-16.341963,862851.5085,8190247.362,NA,28-Jan-18,DOG
Y,90,2021,90_2021,Caso024,NA,YURA,ASOC. CAMINEROS EMPLEADOS,NA,3/12/21,12/3/21,12/3/21,13/03/21,13/03/21,15/03/21,0,3,-71.60477884,-16.3124546,862935.0354,8193515.902,NA,12-Mar-21,DOG
Y,231,2021,231_2021,Caso044,NA,CERRO COLORADO,J.L.B Y RIVERO SECTOR V,CON DUENHO,7/15/21,14/07/21,15/07/21,16/07/21,16/07/21,17/07/21,1,3,-71.6040233,-16.33422596,862975.639,8191102.661,NA,14-Jul-21,DOG
Y,52,2018,52_2018,Caso009,4,CERRO COLORADO,PERUARBO SECTOR PERU 3,CON DUENHO,2/14/18,10/2/18,14/02/18,14/02/18,14/02/18,15/02/18,4,5,-71.59883,-16.352282,863497.7226,8189093.071,NA,10-Feb-18,DOG
Y,266,2022,266_2022,Caso031,NA,CERRO COLORADO,PERUARBO SECTOR III,CON DUENHO,9/27/22,26/09/22,27/09/22,27/09/22,27/09/22,28/09/22,1,2,-71.597638,-16.352273,863625.238,8189091.934,NA,26-Sep-22,DOG
Y,75,2021,75_2021,Caso022,NA,CERRO COLORADO,CIUDAD MUNICIPAL,NA,3/9/21,NA,NA,9/3/21,9/3/21,11/3/21,NA,NA,-71.596666,-16.323315,863782.8719,8192298.268,NA,9-Mar-21,DOG
Y,234,2016,234_2016,NA,9,CERRO COLORADO,VILLA CONO NORTE,NA,NA,NA,24/05/16,25/05/16,25/05/16,26/04/16,NA,NA,-71.59525364,-16.3177783,863944.2185,8192909.118,NA,24-May-16,DOG
Y,333,2018,333_2018,Caso033,NA,CERRO COLORADO,CIUDAD MUNICIPAL SECTOR 2,NS,9/17/18,17/09/18,17/09/18,17/09/18,17/09/18,19/09/18,0,2,-71.59501,-16.324383,863958.049,8192176.99,NA,17-Sep-18,DOG
Y,91,2017,91_2017,Caso009,8,CERRO COLORADO,CIUDAD MUNICIPAL,CON DUENHO,3/24/17,17/03/17,21/03/17,25/03/17,27/03/17,NA,4,NA,-71.59476446,-16.32382748,863985.3458,8192238.093,NA,17-Mar-17,DOG
Y,480,2016,480_2016,NA,20,CERRO COLORADO,JLBYR SECTOR III,NA,10/10/16,7/10/16,10/10/16,10/10/16,11/10/16,12/10/16,3,5,-71.59438684,-16.33264008,864009.409,8191261.123,NA,7-Oct-16,DOG
Y,44,2016,44_2016,6,4,CERRO COLORADO,VILLA CANTERAS,CON DUENHO,2/17/16,17/02/16,17/02/16,17/02/16,17/02/16,18/02/16,0,1,-71.59056757,-16.33157566,864419.9443,8191372.203,NA,17-Feb-16,DOG
Y,534,2016,534_2016,NA,28,CERRO COLORADO,NUEVA AREQUIPA,NA,11/17/16,17/11/16,17/11/16,17/11/16,17/11/16,19/11/16,0,2,-71.58992556,-16.33837193,864476.0037,8190618.132,NA,17-Nov-16,DOG
Y,357,2016,357_2016,NA,12,CERRO COLORADO,CIUDAD MUNICIPAL,NA,7/11/16,9/7/16,10/7/16,11/7/16,11/7/16,12/7/16,1,3,-71.58736745,-16.32286847,864778.4455,8192331.088,NA,9-Jul-16,DOG
Y,201,2017,201_2017,Caso024,11,CERRO COLORADO,VILLA SAN JUAN,SIN DUENHO,6/14/17,12/6/17,14/06/17,14/06/17,14/06/17,15/06/17,2,3,-71.58628937,-16.33794879,864865.756,8190658.487,NA,12-Jun-17,DOG
Y,186,2018,186_2018,Caso024,10,CERRO COLORADO,NA,CON DUENHO,5/5/18,2/5/18,5/5/18,5/5/18,5/5/18,7/5/18,3,5,-71.58366,-16.31917,865181.939,8192734.172,NA,2-May-18,DOG
Y,112,2017,112_2017,Caso017,10,CERRO COLORADO,CIUDAD MUNICIPAL,CON DUENHO,4/10/17,9/4/17,10/4/17,10/4/17,10/4/17,NA,1,NA,-71.58305839,-16.32612939,865233.3628,8191962.096,NA,9-Apr-17,CAT
Y,562,2016,562_2016,NA,29,CERRO COLORADO,MERCADO MAYORISTA,NA,12/8/16,7/12/16,8/12/16,9/12/16,9/12/16,11/12/16,1,4,-71.58302859,-16.32566277,865237.418,8192013.737,NA,7-Dec-16,DOG
Y,130,2016,130_2016,13,5,CERRO COLORADO,VILLA CERRILLOS,NA,NA,4/4/16,5/4/16,5/4/16,5/4/16,7/4/16,1,3,-71.5827859,-16.31652235,865280.3723,8193025.923,NA,4-Apr-16,DOG
Y,12,2017,12_2017,Caso003,2,CERRO COLORADO,VIA EVITAMIENTO,CON DUENHO,1/6/17,5/1/17,6/1/17,6/1/17,6/1/17,10/1/17,1,5,-71.5816,-16.348183,865348.3262,8189516.264,NA,5-Jan-17,DOG
Y,563,2016,563_2016,NA,30,CERRO COLORADO,SANTA ISABEL ZONA II,NA,12/11/16,7/12/16,9/12/16,11/12/16,12/12/16,11/12/16,2,4,-71.58124094,-16.33749293,865406.6407,8190699.921,NA,7-Dec-16,DOG
Y,100,2023,100_2023,Caso008,NA,CERRO COLORADO,VIA DE EVITAMIENTO  KM 4.5,CON DUENHO,3/14/23,13/03/23,14/03/23,14/03/23,14/03/23,15/03/23,1,2,-71.57673781,-16.36800562,865831.4176,8187311.449,NA,13-Mar-23,DOG
Y,158,2022,158_2022,Caso017,NA,HUNTER,TINGO GRANDE,CON DUENHO,6/19/22,17/06/22,21/06/22,21/06/22,22/06/22,24/06/22,4,7,-71.57648403,-16.45532977,865695.0446,8177636.681,NA,17-Jun-22,DOG
Y,57,2017,57_2017,Caso006,4,CERRO COLORADO,VILLA MAJISTERIAL,CON DUENHO,2/1/17,28/01/17,1/2/17,1/2/17,1/2/17,3/2/17,4,6,-71.57386406,-16.32258209,866223.5678,8192338.556,NA,28-Jan-17,DOG
Y,149,2020,149_2020,Caso021,NA,CERRO COLORADO,NA,NA,12/19/20,17/12/20,20/12/20,20/12/20,21/12/20,21/12/20,3,4,-71.57247195,-16.33255972,866353.8843,8191230.667,NA,17-Dec-20,DOG
Y,31,2021,31_2021,Caso012,NA,CERRO COLORADO,ASOC. LAS FLORES,NA,2/8/21,7/2/21,8/2/21,8/2/21,8/2/21,9/2/21,1,2,-71.56874178,-16.32985356,866757.975,8191523.749,NA,7-Feb-21,DOG
Y,297,2023,297_2023,Caso022,NA,CERRO COLORADO,Calle prolongaci‚àö‚â•n progreso s/n - Atahualpa (al lado del club Lord Byron),CON DUENHO,7/21/23,19/07/23,21/07/23,22/07/23,24/07/23,26/07/23,2,7,-71.56769812,-16.39543776,866746.857,8184256.008,NA,19-Jul-23,DOG
Y,242,2019,242_2019,Caso022,NA,CERRO COLORADO,NA,NA,NA,NA,8/8/19,8/8/19,9/8/19,10/8/19,NA,NA,-71.567024,-16.36934,866867.8671,8187146.078,NA,8-Aug-19,DOG
Y,107,2018,107_2018,Caso015,6,CERRO COLORADO,MARIO VARGAS LLOSA,CON DUENHO,NA,NA,25/03/18,25/03/18,26/03/18,NA,NA,NA,-71.56632,-16.35346,866972.8993,8188904.1,NA,25-Mar-18,DOG
Y,2,2017,2_2017,Caso001,NA,HUNTER,NA,NA,NA,NA,3/1/17,3/1/17,3/1/17,NA,NA,NA,-71.56520284,-16.44510074,866920.3543,8178749.46,NA,3-Jan-17,DOG
Y,151,2024,151_2024,Caso003,NA,CERRO COLORADO,Las Gardenias,CON DUENHO,4/13/24,13/04/24,13/04/24,13/04/24,15/04/24,18/04/24,0,5,-71.56336805,-16.32043721,867350.4515,8192557.258,NA,13-Apr-24,DOG
Y,32,2016,32_2016,3,2,CERRO COLORADO,CARLOS BACA FLOR,CON DUENHO,2/4/16,NA,4/2/16,4/2/16,5/2/16,5/2/16,NA,NA,-71.56136748,-16.3301838,867546.2406,8191473.85,NA,4-Feb-16,DOG
Y,69,2022,69_2022,Caso007,NA,HUNTER,UPIS PAISAJISTA,CON DUENHO,3/22/22,21/03/22,22/03/22,22/03/22,23/03/22,24/03/22,1,3,-71.55672352,-16.46286521,867793.3751,8176765.939,NA,21-Mar-22,DOG
Y,173,2022,173_2022,Caso020,NA,HUNTER,AV. SAN MIGUEL,CON DUENHO,7/11/22,11/7/22,11/7/22,12/7/22,12/7/22,14/07/22,0,3,-71.554181,-16.448238,868092.8246,8178381.832,NA,11-Jul-22,DOG
Y,40,2021,40_2021,Caso015,NA,CERRO COLORADO,PEDRO P DIAZ,NA,2/15/21,9/2/21,13/02/21,15/02/21,16/02/21,19/02/21,4,10,-71.55359419,-16.31982398,868397.2401,8192607.526,NA,9-Feb-21,DOG
Y,22,2016,22_2016,2,1,CERRO COLORADO,LOS ANGELES,CON DUENHO,2/1/16,27/01/16,1/2/16,1/2/16,2/2/16,3/2/16,5,7,-71.55127284,-16.30893296,868666.0133,8193809.916,NA,27-Jan-16,DOG
Y,48,2019,48_2019,Caso007,NA,CAYMA,NA,NS,NA,NA,15/02/19,16/02/19,18/02/19,NA,NA,NA,-71.55114,-16.339685,868622.5143,8190402.716,NA,15-Feb-19,DOG
Y,166,2016,166_2016,NA,8,CERRO COLORADO,JOSE MARIA ARGUEDAS,NA,4/25/16,21/04/16,25/04/16,25/04/16,26/04/16,26/04/16,4,5,-71.55078345,-16.31433177,868708.2483,8193210.907,NA,21-Apr-16,DOG
Y,576,2016,576_2016,NA,33,CERRO COLORADO,CERRILLOS,NA,12/19/16,19/12/16,21/12/16,21/12/16,21/12/16,23/12/16,2,4,-71.55066935,-16.31380686,868721.44,8193268.854,NA,19-Dec-16,DOG
Y,255,2019,255_2019,Caso024,NA,CERRO COLORADO,NA,NA,8/18/19,16/08/19,18/08/19,19/08/19,19/08/19,20/08/19,2,4,-71.54994,-16.32037,868787.1555,8192540.414,NA,16-Aug-19,DOG
Y,462,2016,462_2016,NA,18,CERRO COLORADO,NAZARENO 6TA ETAPA,NA,9/27/16,24/09/16,27/09/16,27/09/16,28/09/16,29/09/16,3,5,-71.54865668,-16.3262841,868913.3444,8191882.874,NA,24-Sep-16,DOG
Y,213,2021,213_2021,Caso042,NA,CERRO COLORADO,VILLA CERRILLOS,CON DUENHO,6/29/21,26/06/21,30/06/21,30/06/21,30/06/21,1/7/21,4,5,-71.54805501,-16.31464471,868999.5691,8193171.292,NA,26-Jun-21,DOG
Y,302,2017,302_2017,Caso038,19,CERRO COLORADO,VILLA CERRILLOS,CON DUENHO,9/17/17,14/09/17,17/09/17,17/09/17,18/09/17,19/09/17,3,5,-71.54767145,-16.31407443,869041.676,8193233.777,NA,14-Sep-17,DOG
Y,54,2024,54_2024,Caso002,NA,CERRO COLORADO,Villa Progreso,CON DUENHO,2/13/24,NA,13/02/24,13/02/24,14/02/24,15/02/24,NA,NA,-71.54766915,-16.31042615,869048.7706,8193637.96,NA,13-Feb-24,DOG
Y,126,2021,126_2021,Caso032,NA,CERRO COLORADO,VILLA CERRILLOS,NA,3/30/21,29/03/21,31/03/21,31/03/21,31/03/21,3/4/21,2,5,-71.54642208,-16.31336532,869176.6751,8193310.073,NA,29-Mar-21,DOG
Y,121,2019,121_2019,Caso012,NA,CERRO COLORADO,NA,NA,4/22/19,20/04/19,23/04/19,23/04/19,23/04/19,24/04/19,3,4,-71.54525,-16.316534,869296.1203,8192956.893,NA,20-Apr-19,CAT
Y,495,2016,495_2016,NA,23,CERRO COLORADO,JORGE CHAVEZ,NA,10/15/16,15/10/16,15/10/16,15/10/16,17/10/16,18/10/16,0,3,-71.54519947,-16.3235226,869288.3918,8192182.544,NA,15-Oct-16,DOG
Y,89,2018,89_2018,Caso012,5,CERRO COLORADO,JORGE CHAVEZ,CON DUENHO,3/12/18,10/3/18,11/3/18,13/03/18,14/03/18,16/03/18,1,6,-71.54373,-16.3241,869444.5138,8192115.906,NA,10-Mar-18,DOG
Y,46,2019,46_2019,Caso005,NA,CAYMA,NA,CON DUENHO,NA,NA,13/02/19,14/02/19,14/02/19,19/02/19,NA,NA,-71.54350258,-16.35595102,869408.8801,8188586.752,NA,13-Feb-19,DOG
Y,259,2017,259_2017,Caso032,16,CERRO COLORADO,JORGE CHAVEZ,CON DUENHO,7/31/17,29/07/17,31/07/17,31/07/17,31/07/17,1/8/17,2,3,-71.54346901,-16.32237075,869475.6871,8192307.014,NA,29-Jul-17,DOG
Y,247,2018,247_2018,Caso027,11,CERRO COLORADO,NA,CON DUENHO,6/1/18,30/05/18,1/6/18,1/6/18,1/6/18,4/6/18,2,5,-71.54096,-16.314486,869758.9464,8193176,NA,30-May-18,DOG
Y,275,2017,275_2017,Caso034,17,CERRO COLORADO,ABAD DE PIERRE,CON DUENHO,8/16/17,13/08/17,16/08/17,16/08/17,16/08/17,NA,3,NA,-71.54095899,-16.31601061,869756.1865,8193007.088,NA,13-Aug-17,DOG
Y,270,2023,270_2023,Caso019,NA,SOCABAYA,URB SAN FRANCISCO SAN PABLO D_8,NA,6/17/23,14/06/23,17/06/23,17/06/23,20/06/23,21/06/23,3,7,-71.54076937,-16.45790892,869508.372,8177285.896,NA,14-Jun-23,DOG
Y,240,2019,240_2019,Caso021,NA,CAYMA,NA,NA,8/6/19,6/8/19,6/8/19,6/8/19,7/8/19,8/8/19,0,2,-71.53282426,-16.32087619,870617.3249,8192453.234,NA,6-Aug-19,DOG
Y,145,2017,145_2017,Caso019,NA,CAYMA,CABRERIAS,NA,4/15/17,13/04/17,15/04/17,15/04/17,17/04/17,19/04/17,2,6,-71.5314321,-16.30212347,870801.6339,8194528.311,NA,13-Apr-17,DOG
Y,358,2023,358_2023,Caso027,NA,JLBYR,Parqueo IREN - JLByR,SIN DUENHO,10/18/23,18/10/23,18/10/23,18/10/23,19/10/23,20/10/23,0,2,-71.53008754,-16.4148062,870732.2947,8182041.699,NA,18-Oct-23,DOG
Y,131,2019,131_2019,Caso014,NA,CAYMA,NA,NS,NA,NA,26/04/19,26/04/19,29/04/19,29/04/19,NA,NA,-71.5287674,-16.29254743,871104.8056,8195584.389,NA,26-Apr-19,DOG
Y,182,2019,182_2019,Caso015,NA,ALTO SELVA ALEGRE,NA,NA,6/13/19,11/6/19,13/06/19,13/06/19,13/06/19,14/06/19,2,3,-71.526245,-16.373264,871222.0484,8186637.156,NA,11-Jun-19,DOG
Y,172,2022,172_2022,Caso019,NA,CAYMA,PIONEROS ZONA A,CON DUENHO,7/7/22,7/7/22,7/7/22,8/7/22,11/7/22,14/07/22,0,7,-71.525222,-16.30329,871463.8873,8194387.756,NA,7-Jul-22,DOG
Y,23,2020,23_2020,Caso002,NA,CAYMA,NA,CON DUENHO,2/1/20,31/01/20,3/2/20,3/2/20,3/2/20,3/2/20,3,3,-71.52488176,-16.31657519,871475.1899,8192915.261,NA,31-Jan-20,DOG
Y,114,2015,114_2015,6,NA,ALTO SELVA ALEGRE,INDEPENDENCIA ZONA B,CON DUENHO,NA,3/4/15,7/4/15,7/4/15,8/4/15,NA,4,NA,-71.52094741,-16.36856114,871797.5933,8187148.49,NA,3-Apr-15,DOG
Y,312,2019,312_2019,Caso032,NA,JLBYR,NA,NA,NA,7/10/19,7/10/19,7/10/19,7/10/19,8/10/19,0,1,-71.5208509,-16.4420357,871668.138,8179007.947,NA,7-Oct-19,DOG
Y,219,2024,219_2024,Caso005,NA,MIRAFLORES,Calle Jorge Polar 312,CON DUENHO,8/13/24,7/8/24,12/8/24,12/8/24,12/8/24,13/08/24,,NA,-71.516342,-16.391328,NA,NA,NA,7-Aug-24,DOG
Y,183,2023,183_2023,Caso013,NA,MARIANO MELGAR,AV JESUS 513,COMUNITARIO,4/30/23,26/04/23,2/5/23,2/5/23,3/5/23,5/5/23,6,9,-71.51362591,-16.40791216,872505.7655,8182775.271,NA,26-Apr-23,DOG
Y,435,2018,435_2018,Caso045,NA,PAUCARPATA,NA,NS,NA,NA,14/11/18,14/11/18,14/11/18,NA,NA,NA,-71.51325918,-16.41191557,872537.3483,8182331.049,NA,14-Nov-18,DOG
Y,103,2022,103_2022,Caso010,NA,MOLLEBAYA,ASOC HUERTO DEL EDEN,CON DUENHO,4/15/22,15/04/22,16/04/22,16/04/22,18/04/22,19/04/22,1,4,-71.5132039,-16.49196629,872390.2118,8173461.911,NA,15-Apr-22,DOG
Y,162,2024,162_2024,Caso004,NA,PAUCARPATA,Villa Maria el Triunfo,SIN DUENHO,4/29/24,27/04/24,29/04/24,29/04/24,29/04/24,3/5/24,2,6,-71.51037962,-16.4198272,872830.1747,8181449.194,NA,27-Apr-24,DOG
Y,468,2016,468_2016,NA,NA,JLBYR,BENIGNO BALLON FARFAN,NA,10/1/16,26/09/16,1/10/16,1/10/16,3/10/16,3/10/16,5,7,-71.50911405,-16.44365555,872919.95,8178806.847,NA,26-Sep-16,DOG
Y,9,2019,9_2019,Caso002,NA,MIRAFLORES,NA,NA,NA,NA,NA,17/01/19,17/01/19,17/01/19,NA,NA,-71.507675,-16.393171,873170.2962,8184397.526,NA,17-Jan-19,DOG
Y,367,2015,367_2015,9,NA,MARIANO MELGAR,SANTA ROSA,CON DUENHO,7/16/15,13/07/15,17/07/15,17/07/15,17/07/15,NA,4,NA,-71.50720846,-16.40813318,873191.6231,8182738.962,NA,13-Jul-15,DOG
Y,225,2019,225_2019,Caso018,NA,MIRAFLORES,NA,NS,NA,NA,23/07/19,23/07/19,23/07/19,25/07/19,NA,NA,-71.50570585,-16.37430758,873416.8898,8186483.833,NA,23-Jul-19,DOG
Y,272,2019,272_2019,Caso026,NA,MIRAFLORES,NA,NS,8/29/19,21/08/19,28/08/19,3/9/19,3/9/19,30/08/19,7,9,-71.50561413,-16.37646654,873422.5829,8186244.466,NA,21-Aug-19,DOG
Y,289,2019,289_2019,Caso029,NA,MIRAFLORES,NA,NA,9/16/19,14/09/19,16/09/19,16/09/19,16/09/19,18/09/19,2,4,-71.5039008,-16.37467462,873609.2555,8186439.843,NA,14-Sep-19,DOG
Y,696,2015,696_2015,16,NA,MARIANO MELGAR,SANTA ROSA,CON DUENHO,11/13/15,10/11/15,13/11/15,13/11/15,13/11/15,NA,3,NA,-71.50379518,-16.40288251,873566.6786,8183314.405,NA,10-Nov-15,DOG
Y,175,2023,175_2023,Caso012,NA,PAUCARPATA,Calle Bolivar s/n,CON DUENHO,4/22/23,20/04/23,22/04/23,22/04/23,24/04/23,25/04/23,2,5,-71.502463,-16.43881,873640.3707,8179331.412,NA,20-Apr-23,DOG
Y,73,2015,73_2015,2,NA,MIRAFLORES,UPIS EL SALVADOR,SIN DUENHO,3/22/15,22/03/15,22/03/15,23/03/15,25/03/15,NA,0,NA,-71.50150904,-16.37565627,873863.2013,8186326.674,NA,22-Mar-15,DOG
Y,273,2023,273_2023,Caso020,NA,MARIANO MELGAR,: Ampliaci‚àö‚â•n ATALAYA mz Q - lote 2, Referencia: Cerca al cruce de Atalaya,CON DUENHO,21/06/23,18/06/23,21/06/23,21/06/23,21/06/23,6/23/23,3,-71.4966804,-16.39621416,874340.3275,8184040.078,NA,21-Jun-23,DOG
Y,560,2015,560_2015,13,NA,MARIANO MELGAR,PSJE SR. DE HUANCA MZ2 L6,CON DUENHO,NA,7/9/15,7/9/15,7/9/15,7/9/15,8/9/15,0,1,-71.49618517,-16.40255789,874381.1417,8183336.315,NA,7-Sep-15,DOG
Y,699,2015,699_2015,17,NA,MARIANO MELGAR,SENHOR DE LOS MILAGROS,CON DUENHO,11/17/15,13/11/15,16/11/15,18/11/15,18/11/15,NA,3,NA,-71.49571685,-16.39422949,874447.1781,8184258.186,NA,13-Nov-15,DOG
Y,704,2015,704_2015,18,NA,MARIANO MELGAR,PUEBLO LIBRE,SIN DUENHO,NA,NA,25/11/15,26/11/15,26/11/15,4/12/15,NA,NA,-71.49390975,-16.39492615,874639.1109,8184177.659,NA,25-Nov-15,DOG
Y,42,2020,42_2020,Caso006,NA,PAUCARPATA,NA,NA,2/13/20,6/2/20,9/2/20,13/02/20,13/02/20,15/02/20,3,9,-71.49382107,-16.42870613,874583.8044,8180434.863,NA,6-Feb-20,DOG
Y,40,2025,40_2025,Caso002,NA,MIRAFLORES,Galaxias,CON DUENHO,9/3/25,8/3/25,11/3/25,11/3/25,11/3/25,NA,NA,NA,-71.49377435,-16.37627058,NA,NA,NA,8-Mar-25,DOG
Y,653,2015,653_2015,15,NA,MARIANO MELGAR,PANAMA 347,CON DUENHO,NA,NA,13/10/15,13/10/15,14/10/15,15/10/15,NA,NA,-71.49329888,-16.40240654,874690.1038,8183347.744,NA,13-Oct-15,DOG
Y,246,2022,246_2022,Caso030,NA,CHARACATO,ASOC. GUSTAVO MOHOME LLOSA,CON DUENHO,9/15/22,12/9/22,15/09/22,16/09/22,16/09/22,17/09/22,3,5,-71.49214885,-16.479248,874665.3862,8174831.987,NA,12-Sep-22,DOG
Y,711,2015,711_2015,19,NA,MARIANO MELGAR,NUEVO MILENIO B7,SIN DUENHO,NA,NA,2/12/15,3/12/15,3/12/15,4/12/15,NA,NA,-71.48548371,-16.39289249,875544.1725,8184387.375,NA,2-Dec-15,DOG
Y,609,2015,609_2015,14,NA,MARIANO MELGAR,NUEVO MILENIUM,SIN DUENHO,NA,NA,26/09/15,28/09/15,28/09/15,28/09/15,NA,NA,-71.4839463,-16.3924328,875709.4818,8184435.456,NA,26-Sep-15,DOG
Y,41,2024,41_2024,Caso001,NA,MARIANO MELGAR,SAN GERONIMO,SIN DUEHO,2/2/24,NA,NA,2/2/24,2/2/24,6/2/24,NA,NA,-71.48109962,-16.40224446,875995.066,8183343.087,NA,2-Feb-24,DOG
Y,183,2019,183_2019,Caso016,NA,MARIANO MELGAR,NA,NS,NA,NA,13/06/19,13/06/19,13/06/19,18/06/19,NA,NA,-71.47797,-16.396154,876341.4918,8184012.07,NA,13-Jun-19,DOG
Y,286,2022,286_2022,Caso035,NA,CHARACATO,CALLE MOQUEGUA NRO 86-A LA HUAYLLA,CON DUENHO,10/16/22,13/10/22,17/10/22,17/10/22,18/10/22,19/10/22,4,6,-71.476934,-16.474685,876300.7269,8175309.206,NA,13-Oct-22,DOG
Y,219,2022,219_2022,Caso024,NA,CHARACATO,YANAYACO,CON DUENHO,8/29/22,20/08/22,29/08/22,29/08/22,31/08/22,1/9/22,9,12,-71.45930038,-16.47372171,878187.7588,8175382.94,NA,20-Aug-22,DOG
Y,291,2016,291_2016,,NA,YURA,KM 14 CMTE 7 MZ K LT4 C. DE DIOS,,NA,NA,NA,11/6/16,13/06/16,NA,NA,NA,-71.61092203,-16.31103879,NA,NA,NA,11-Jun-16,DOG
Y,302,2016,302_2016,,NA,ALTO SELVA ALEGRE,VILLA INDEPENDIENTE C 9,,NA,NA,NA,16/06/16,16/06/16,NA,NA,NA,-71.5193246,-16.36897699,NA,NA,NA,16-Jun-16,DOG
Y,386,2016,386_2016,,NA,MARIANO MELGAR,PPJJ ARTURO VILLEGAS MZ A LT 5,,NA,NA,NA,21/07/16,22/07/16,NA,NA,NA,-71.49612593,-16.40575491,NA,NA,NA,21-Jul-16,DOG
Y,481,2016,481_2016,,NA,MARIANO MELGAR,CALLE ICA 508,,NA,NA,NA,11/10/16,11/10/16,NA,NA,NA,-71.51231033,-16.40285378,NA,NA,NA,11-Oct-16,DOG
Y,485,2016,485_2016,,NA,SACHACA,IRRIGAC HUARANGUILLO N¬∞ 1,,NA,NA,NA,11/10/16,12/10/16,NA,NA,NA,-71.57997204,-16.40529089,NA,NA,NA,11-Oct-16,DOG
Y,571,2016,571_2016,,NA,UCHUMAYO,,,NA,NA,NA,16/12/16,19/12/16,NA,NA,NA,-71.67049146,-16.42404763,NA,NA,NA,16-Dec-16,DOG
Y,69,2016,69_2016,,NA,MIRAFLORES,E. MISTI LA ALAMEDA CALLE 1,,NA,NA,NA,1/3/16,1/3/16,NA,NA,NA,-71.51328883,-16.394621,NA,NA,NA,1-Mar-16,DOG
Y,101,2017,101_2017,Caso014,NA,ALTO SELVA ALEGRE,VILLA INDEPENDIENTE MZ √ë CMTE IV ZN B,,NA,NA,NA,9/3/17,10/3/17,NA,NA,NA,-71.52116468,-16.36891794,NA,NA,NA,9-Mar-17,DOG
Y,159,2017,159_2017,Caso020,NA,MARIANO MELGAR,AAHH MIRADOR MZ C LT 12,,NA,NA,NA,28/04/17,2/5/17,NA,NA,NA,-71.4906797,-16.39438124,NA,NA,NA,28-Apr-17,DOG
Y,272,2017,272_2017,Caso033,NA,CAYMA,AV SAN PEDRO 308,,NA,NA,NA,10/8/17,11/8/17,NA,NA,NA,-71.54444964,-16.33896804,NA,NA,NA,10-Aug-17,DOG
Y,279,2017,279_2017,Caso035,NA,ALTO SELVA ALEGRE,LETICIA 602,,NA,NA,NA,20/08/17,21/08/17,NA,NA,NA,-71.51478562,-16.37336654,NA,NA,NA,20-Aug-17,DOG
Y,298,2017,298_2017,Caso037,NA,ALTO SELVA ALEGRE,APURIMAC V 9,,NA,NA,NA,14/09/17,15/09/17,NA,NA,NA,-71.51095321,-16.36917267,NA,NA,NA,14-Sep-17,DOG
Y,315,2017,315_2017,Caso040,NA,ALTO SELVA ALEGRE,CANTERAS ASA,,NA,NA,NA,2/10/17,2/10/17,NA,NA,NA,-71.52693936,-16.34398399,NA,NA,NA,2-Oct-17,DOG
Y,319,2017,319_2017,Caso041,NA,MARIANO MELGAR,HEROES DEL CENEPA ZN C W-6,,NA,NA,NA,4/10/17,4/10/17,NA,NA,NA,-71.48023315,-16.39120303,NA,NA,NA,4-Oct-17,DOG
Y,375,2017,375_2017,Caso046,NA,MARIANO MELGAR,ASC LOS ROSALES MZ E LT 2,,NA,NA,NA,23/11/17,23/11/17,NA,NA,NA,-71.49501346,-16.39657603,NA,NA,NA,23-Nov-17,DOG
Y,402,2017,402_2017,Caso047,NA,CERRO COLORADO,VIA DE EVITAMIENTO KM 6.5,,NA,NA,NA,15/12/17,15/12/17,NA,NA,NA,-71.57979777,-16.35370915,NA,NA,NA,15-Dec-17,DOG
Y,46,2017,46_2017,Caso005,NA,SOCABAYA,SAN FERNANDO ASERMUL D 11,,NA,NA,NA,25/01/17,25/01/17,NA,NA,NA,-71.52299188,-16.46897646,NA,NA,NA,25-Jan-17,DOG
Y,97,2017,97_2017,Caso012,NA,UCHUMAYO,PUEBLO LIBRE VARIANTE DE UCHUMAYO LADO DE PICANTERIA MARILU,,NA,NA,NA,2/3/17,3/3/17,NA,NA,NA,-71.66310493,-16.42489961,NA,NA,NA,2-Mar-17,DOG
Y,162,2018,162_2018,Caso022,NA,J. L. B Y R,CENTRO CANINO,,NA,NA,NA,23/04/18,23/04/18,NA,NA,NA,-71.539085,-16.447126,NA,NA,NA,23-Apr-18,DOG
Y,22,2018,22_2018,Caso003,NA,J. L. B Y R,Av. Los incas s/n ,,NA,NA,NA,24/01/18,25/01/18,NA,NA,NA,-71.52636,-16.414825,NA,NA,NA,24-Jan-18,DOG
Y,92,2018,92_2018,Caso013,NA,J. L. B Y R,DOLORES S/N DETR√ÅS DEL HOTEL,,NA,NA,NA,17/03/18,19/03/18,NA,NA,NA,-71.52698,-16.414707,NA,NA,NA,17-Mar-18,DOG
Y,93,2018,93_2018,Caso014,NA,J. L. B Y R,PARQUE AL FRENTE DEL COLEGIO J. BASADRE,,NA,NA,NA,20/03/18,20/03/18,NA,NA,NA,-71.526474,-16.4332,NA,NA,NA,20-Mar-18,DOG
Y,24,2019,24_2019,Caso004,NA,CERRO COLORADO,Calle Sosa Ruiz 909 -,,1/25/19,24/01/19,25/01/19,25/01/19,25/01/19,26/01/19,NA,NA,-71.56320175,-16.37187602,NA,NA,NA,24-Jan-19,DOG
Y,320,2019,320_2019,Caso035,NA,YURA,AVIS ALTIPLANO KM 16 ZN A SEC 1 MZ B LT 4,,NA,NA,20/10/19,20/10/19,21/10/19,NA,NA,NA,-71.63004626,-16.29985957,NA,NA,NA,20-Oct-19,DOG
Y,336,2019,336_2019,Caso037,NA,CAYMA,Los Jazmines Zona B ,,10/31/19,29/10/19,31/10/19,NA,4/11/19,4/11/19,NA,NA,-71.52127815,-16.2945582,NA,NA,NA,29-Oct-19,DOG
Y,10,2020,10_2020,Caso001,NA,YURA,J. A QUI√ëONES SECTOR VILLA QUI√ëONES KM 14 MZ 38 LT 3 ZN 1 1RA ETAPA,CON DUENHO,1/18/20,15/01/20,18/01/20,18/01/20,20/01/20,22/01/20,NA,NA,-71.62229,-16.31943,NA,NA,NA,15-Jan-20,DOG
Y,10,2021,10_2021,Caso004,NA,CERRO COLORADO,AV INSUSTRIAL,,1/11/21,8/1/21,1/12/21,14/01/21,15/01/21,15/01/21,NA,NA,-71.58495258,-16.34979926,NA,NA,NA,8-Jan-21,DOG
Y,146,2021,146_2021,Caso034,NA,CERRO COLORADO,VILLA  AVIACION,,4/20/21,20/04/21,20/04/21,20/04/21,20/04/21,22/04/21,NA,NA,-71.594948,-16.328681,NA,NA,NA,20-Apr-21,DOG
Y,15,2021,15_2021,Caso008,NA,CERRO COLORADO,GRANJEROS UNIDOS,CON DUENHO,1/22/21,22/01/21,23/01/21,23/01/21,25/01/21,26/01/21,NA,NA,-71.5972254,-16.31541743,NA,NA,NA,22-Jan-21,DOG
Y,29,2021,29_2021,Caso011,NA,YURA,ALTIPLANO,,2/7/21,5/2/21,7/2/21,7/2/21,8/2/21,9/2/21,NA,NA,-71.627144,-16.307125,NA,NA,NA,5-Feb-21,DOG
Y,218,2023,218_2023,Caso014,NA,ALTO SELVA ALEGRE,Villa Uni√≥n A-4,CON DUENHO,5/23/23,NA,23/05/23,23/05/23,23/05/23,25/05/23,NA,NA,-71.51012145,-16.36792002,NA,NA,NA,23-May-23,DOG
Y,225,2023,225_2023,Caso015,NA,SOCABAYA,PAMPAS VIEJAS S/N,CON DUENHO,NA,22/05/23,27/05/23,27/05/23,29/05/23,31/05/23,NA,NA,-71.54827689,-16.45473472,NA,NA,NA,22-May-23,DOG
Y,232,2023,232_2023,Caso016,NA,MOLLEBAYA,Amigos de San Miguel mz J lote 9 Alto Pajonal,CON DUENHO,5/29/23,24/05/23,28/05/23,29/05/23,29/05/23,31/05/23,NA,NA,-71.48877308,-16.51092123,NA,NA,NA,24-May-23,DOG
Y,240,2023,240_2023,Caso017,NA,SOCABAYA,LA MANSION II  M_6,CON DUENHO,6/2/23,22/05/23,26/05/23,2/6/23,2/6/23,6/6/23,NA,NA,-71.54889088,-16.46762652,NA,NA,NA,22-May-23,DOG
Y,348,2023,348_2023,Caso026,NA,J. L. B Y R,Urbanizacion bancarios (canal IREN) ,SIN DUENHO,10/6/23,6/10/23,6/10/23,7/10/23,9/10/23,11/10/23,NA,NA,-71.52991653,-16.41443555,NA,NA,NA,6-Oct-23,DOG
Y,4,2023,4_2023,Caso001,NA,ALTO SELVA ALEGRE,VILLA CONFRATERNIDAD AGRUPAMIENTO FAMILIAR ZC C MZ 3  LT 10,SIN DUENHO,1/7/23,6/1/23,7/1/23,7/1/23,9/1/23,11/1/23,NA,NA,-71.524679,-16.3512505,NA,NA,NA,6-Jan-23,DOG