sequenced?,ID_MUESTRA,year,X,case_regional,case_local,district,locality,dog_status,complaint_date,symptom_date,kill_date,sample_date,ship_date,contain_date,infectious_period,noncontained_period,lon,lat,x_utm,y_utm,
Y,NA,2011,1101786,,NA,CAMINACA (PUNO),SAN PEDRO,,NA,NA,,26-Feb-11,NA,NA,,,-70.1019,-15.2557,,,
Y,NA,2011,1101787,,NA,CAMINACA (PUNO),C AN SEBASTIAN,,NA,NA,,3-Mar-11,NA,NA,,,-70.1018,-15.2419,,,
Y,NA,2012,1203037,,NA,ATUNCOLLA (PUNO),CC TICANIPAMPA,,NA,NA,,8-May-12,NA,NA,,,-70.11214,-15.69549937,,,
Y,10,2020,10_2020,Caso001,NA,YURA,J. A QUIÑONES SECTOR VILLA QUIÑONES KM 14 MZ 38 LT 3 ZN 1 1RA ETAPA,CON DUENHO,1/18/20,15-Jan-20,18-Jan-20,18-Jan-20,20-Jan-20,22-Jan-20,,,,,,,
Y,10,2021,10_2021,Caso004,NA,CERRO COLORADO,AV INSUSTRIAL,,1/11/21,8-Jan-21,1-Dec-21,14-Jan-21,15-Jan-21,15-Jan-21,,,,,,,
Y,100,2023,100_2023,Caso008,NA,CERRO COLORADO,VIA DE EVITAMIENTO  KM 4.5,CON DUENHO,3/14/23,13-Mar-23,14-Mar-23,14-Mar-23,14-Mar-23,15-Mar-23,1,2,-71.57673781,-16.36800562,865831.4176,8187311.449,
Y,101,2017,101_2017,,NA,ALTO SELVA ALEGRE,VILLA INDEPENDIENTE MZ Ñ CMTE IV ZN B,,NA,NA,,9-Mar-17,10-Mar-17,NA,,,,,,,
Y,103,2022,103_2022,Caso010,NA,MOLLEBAYA,ASOC HUERTO DEL EDEN,CON DUENHO,4/15/22,15-Apr-22,16-Apr-22,16-Apr-22,18-Apr-22,19-Apr-22,1,4,-71.5132039,-16.49196629,872390.2118,8173461.911,
Y,107,2018,107_2018,Caso015,6,CERRO COLORADO,MARIO VARGAS LLOSA,CON DUENHO,NA,NA,25-Mar-18,25-Mar-18,26-Mar-18,NA,NA,NA,-71.56632,-16.35346,866972.8993,8188904.1,
Y,107,2021,107_2021,Caso029,NA,PEDREGAL,NA,NA,3/20/21,18-Mar-21,20-Mar-21,20-Mar-21,22-Mar-21,23-Mar-21,2,5,-72.17553218,-16.30828596,801894.8752,8194909.088,
Y,112,2017,112_2017,Caso017,10,CERRO COLORADO,CIUDAD MUNICIPAL,CON DUENHO,4/10/17,9-Apr-17,10-Apr-17,10-Apr-17,10-Apr-17,NA,1,NA,-71.58305839,-16.32612939,865233.3628,8191962.096,
Y,114,2015,114_2015,6,NA,ALTO SELVA ALEGRE,INDEPENDENCIA ZONA B,CON DUENHO,NA,3-Apr-15,7-Apr-15,7-Apr-15,8-Apr-15,NA,4,NA,-71.52094741,-16.36856114,871797.5933,8187148.49,
Y,12,2017,12_2017,Caso003,2,CERRO COLORADO,VIA EVITAMIENTO,CON DUENHO,1/6/17,5-Jan-17,6-Jan-17,6-Jan-17,6-Jan-17,10-Jan-17,1,5,-71.5816,-16.348183,865348.3262,8189516.264,
Y,121,2019,121_2019,Caso012,NA,CERRO COLORADO,NA,NA,4/22/19,20-Apr-19,23-Apr-19,23-Apr-19,23-Apr-19,24-Apr-19,3,4,-71.54525,-16.316534,869296.1203,8192956.893,
Y,126,2021,126_2021,Caso032,NA,CERRO COLORADO,VILLA CERRILLOS,NA,3/30/21,29-Mar-21,31-Mar-21,31-Mar-21,31-Mar-21,3-Apr-21,2,5,-71.54642208,-16.31336532,869176.6751,8193310.073,
Y,130,2016,130_2016,13,5,CERRO COLORADO,VILLA CERRILLOS,NA,NA,4-Apr-16,5-Apr-16,5-Apr-16,5-Apr-16,7-Apr-16,1,3,-71.5827859,-16.31652235,865280.3723,8193025.923,
Y,131,2019,131_2019,Caso014,NA,CAYMA,NA,NS,NA,NA,26-Apr-19,26-Apr-19,29-Apr-19,29-Apr-19,NA,NA,-71.5287674,-16.29254743,871104.8056,8195584.389,
Y,140,2018,140_2018,Caso018,7,CERRO COLORADO,JLBYR SECTOR 9,SIN DUENHO,4/14/18,6-Apr-18,14-Apr-18,14-Apr-18,14-Apr-18,17-Apr-18,8,11,-71.61238,-16.345425,862061.0546,8189876.907,
Y,140,2020,140_2020,Caso017,NA,YURA,NA,NA,11/29/20,28-Nov-20,30-Nov-20,30-Nov-20,30-Nov-20,4-Dec-20,2,6,-71.61608093,-16.30290222,861743.4776,8194594.245,
Y,145,2017,145_2017,Caso019,NA,CAYMA,CABRERIAS,NA,4/15/17,13-Apr-17,15-Apr-17,15-Apr-17,17-Apr-17,19-Apr-17,2,6,-71.5314321,-16.30212347,870801.6339,8194528.311,
Y,145,2022,145_2022,Caso014,NA,CERRO COLORADO,JLByR SECTOR 5,SIN DUENHO,6/8/22,6-Jun-22,8-Jun-22,9-Jun-22,10-Jun-22,11-Jun-22,2,5,-71.60647222,-16.33964061,862703.6705,8190507.182,
Y,146,2021,146_2021,Caso034,NA,CERRO COLORADO,VILLA  AVIACION,,4/20/21,20-Apr-21,20-Apr-21,20-Apr-21,20-Apr-21,22-Apr-21,,,,,,,
Y,147,2021,147_2021,Caso035,NA,PEDREGAL,CIUDAD MAJES,CON DUE√ëO,4/18/21,12-Apr-21,18-Apr-21,19-Apr-21,20-Apr-21,22-Apr-21,6,10,-72.18179114,-16.32494862,801200.0496,8193073.269,
Y,147,2022,147_2022,Caso015,NA,YURA,LAS PERLAS,CON DUENHO,6/10/22,9-Jun-22,10-Jun-22,10-Jun-22,10-Jun-22,11-Jun-22,1,2,-71.64023135,-16.28942697,859184.3075,8196129.757,
Y,149,2020,149_2020,Caso021,NA,CERRO COLORADO,NA,NA,12/19/20,17-Dec-20,20-Dec-20,20-Dec-20,21-Dec-20,21-Dec-20,3,4,-71.57247195,-16.33255972,866353.8843,8191230.667,
Y,15,2021,15_2021,Caso008,NA,CERRO COLORADO,GRANJEROS UNIDOS,CON DUENHO,1/22/21,22-Jan-21,23-Jan-21,23-Jan-21,25-Jan-21,26-Jan-21,,,,,,,
Y,151,2024,151_2024,Caso003,NA,CERRO COLORADO,Las Gardenias,CON DUENHO,4/13/24,13-Apr-24,13-Apr-24,13-Apr-24,15-Apr-24,18-Apr-24,0,5,-71.56336805,-16.32043721,867350.4515,8192557.258,
Y,152,2023,152_2023,Caso009,NA,YURA,ASOCIACION DE VIVIENDASEL ALTIPLANO MZF LT 4,CON DUENHO,4/1/23,31-Mar-23,1-Apr-23,3-Apr-23,3-Apr-23,3-Apr-23,1,3,-71.62690187,-16.30825707,860575.9633,8194020.217,
Y,158,2022,158_2022,Caso017,NA,HUNTER,TINGO GRANDE,CON DUENHO,6/19/22,17-Jun-22,21-Jun-22,21-Jun-22,22-Jun-22,24-Jun-22,4,7,-71.57648403,-16.45532977,865695.0446,8177636.681,
Y,159,2017,159_2017,,NA,MARIANO MELGAR,AAHH MIRADOR MZ C LT 12,,NA,NA,,28-Apr-17,2-May-17,NA,,,,,,,
Y,16,2021,16_2021,Caso007,NA,YURA,CIUDAD DE DIOS,CON DUENHO,1/24/21,18-Jan-21,24-Jan-21,24-Jan-21,25-Jan-21,25-Jan-21,6,7,-71.65079812,-16.30894284,858018.2404,8193986.409,
Y,162,2018,162_2018,,NA,J. L. B Y R,CENTRO CANINO,,NA,NA,,23-Apr-18,23-Apr-18,NA,,,,,,,
Y,162,2024,162_2024,Caso004,NA,PAUCARPATA,Villa Maria el Triunfo,SIN DUENHO,4/29/24,27-Apr-24,29-Apr-24,29-Apr-24,29-Apr-24,3-May-24,2,6,-71.51037962,-16.4198272,872830.1747,8181449.194,
Y,166,2016,166_2016,NA,8,CERRO COLORADO,JOSE MARIA ARGUEDAS,NA,4/25/16,21-Apr-16,25-Apr-16,25-Apr-16,26-Apr-16,26-Apr-16,4,5,-71.55078345,-16.31433177,868708.2483,8193210.907,
Y,172,2022,172_2022,Caso019,NA,CAYMA,PIONEROS ZONA A,CON DUENHO,7/7/22,7-Jul-22,7-Jul-22,8-Jul-22,11-Jul-22,14-Jul-22,0,7,-71.525222,-16.30329,871463.8873,8194387.756,
Y,173,2022,173_2022,Caso020,NA,HUNTER,AV. SAN MIGUEL,CON DUENHO,7/11/22,11-Jul-22,11-Jul-22,12-Jul-22,12-Jul-22,14-Jul-22,0,3,-71.554181,-16.448238,868092.8246,8178381.832,
Y,175,2023,175_2023,Caso012,NA,PAUCARPATA,Calle Bolivar s/n,CON DUENHO,4/22/23,20-Apr-23,22-Apr-23,22-Apr-23,24-Apr-23,25-Apr-23,2,5,-71.502463,-16.43881,873640.3707,8179331.412,
Y,182,2019,182_2019,Caso015,NA,ALTO SELVA ALEGRE,NA,NA,6/13/19,11-Jun-19,13-Jun-19,13-Jun-19,13-Jun-19,14-Jun-19,2,3,-71.526245,-16.373264,871222.0484,8186637.156,
Y,183,2019,183_2019,Caso016,NA,MARIANO MELGAR,NA,NS,NA,NA,13-Jun-19,13-Jun-19,13-Jun-19,18-Jun-19,NA,NA,-71.47797,-16.396154,876341.4918,8184012.07,
Y,183,2023,183_2023,Caso013,NA,MARIANO MELGAR,AV JESUS 513,COMUNITARIO,4/30/23,26-Apr-23,2-May-23,2-May-23,3-May-23,5-May-23,6,9,-71.51362591,-16.40791216,872505.7655,8182775.271,
Y,186,2018,186_2018,Caso024,10,CERRO COLORADO,NA,CON DUENHO,5/5/18,2-May-18,5-May-18,5-May-18,5-May-18,7-May-18,3,5,-71.58366,-16.31917,865181.939,8192734.172,
Y,2,2017,2_2017,Caso001,NA,HUNTER,NA,NA,NA,NA,3-Jan-17,3-Jan-17,3-Jan-17,NA,NA,NA,-71.56520284,-16.44510074,866920.3543,8178749.46,
Y,201,2017,201_2017,Caso024,11,CERRO COLORADO,VILLA SAN JUAN,SIN DUENHO,6/14/17,12-Jun-17,14-Jun-17,14-Jun-17,14-Jun-17,15-Jun-17,2,3,-71.58628937,-16.33794879,864865.756,8190658.487,
Y,202,2021,202_2021,Caso041,NA,PEDREGAL,LOS MOLLES,CON DUENHO,6/14/21,10-Jun-21,14-Jun-21,14-Jun-21,15-Jun-21,17-Jun-21,4,7,-72.20092481,-16.3489947,799117.5441,8190438.856,
Y,209,2018,209_2018,Caso025,NA,YURA,NA,NS,NA,NA,16-May-18,18-May-18,18-May-18,18-May-18,NA,NA,-71.6272,-16.307352,860545.728,8194121.009,
Y,213,2021,213_2021,Caso042,NA,CERRO COLORADO,VILLA CERRILLOS,CON DUENHO,6/29/21,26-Jun-21,30-Jun-21,30-Jun-21,30-Jun-21,1-Jul-21,4,5,-71.54805501,-16.31464471,868999.5691,8193171.292,
Y,218,2023,218_2023,Caso014,NA,ALTO SELVA ALEGRE,Villa Unión A-4,CON DUENHO,5/23/23,NA,23-May-23,23-May-23,23-May-23,25-May-23,,,,,,,
Y,219,2022,219_2022,Caso024,NA,CHARACATO,YANAYACO,CON DUENHO,8/29/22,20-Aug-22,29-Aug-22,29-Aug-22,31-Aug-22,1-Sep-22,9,12,-71.45930038,-16.47372171,878187.7588,8175382.94,
Y,219,2024,219_2024,Caso005,NA,MIRAFLORES,Calle Jorge Polar 312,CON DUENHO,8/13/24,7-Aug-24,12-Aug-24,12-Aug-24,12-Aug-24,13-Aug-24,,,-71.516342,-16.391328,,,
Y,22,2016,22_2016,2,1,CERRO COLORADO,LOS ANGELES,CON DUENHO,2/1/16,27-Jan-16,1-Feb-16,1-Feb-16,2-Feb-16,3-Feb-16,5,7,-71.55127284,-16.30893296,868666.0133,8193809.916,
Y,22,2018,22_2018,,NA,J. L. B Y R,,,NA,NA,,24-Jan-18,25-Jan-18,NA,,,,,,,
Y,225,2017,225_2017,Caso029,NA,YURA,RESIDENTES PUNO,NA,7/2/17,30-Jun-17,3-Jul-17,3-Jul-17,3-Jul-17,3-Jul-17,3,3,-71.63782737,-16.3095575,859404.746,8193895.469,
Y,225,2019,225_2019,Caso018,NA,MIRAFLORES,NA,NS,NA,NA,23-Jul-19,23-Jul-19,23-Jul-19,25-Jul-19,NA,NA,-71.50570585,-16.37430758,873416.8898,8186483.833,
Y,225,2023,225_2023,Caso015,NA,SOCABAYA,PAMPAS VIEJAS S/N,CON DUENHO,NA,22-May-23,27-May-23,27-May-23,29-May-23,31-May-23,,,,,,,
Y,227,2019,227_2019,Caso019,NA,YURA,NA,CON DUENHO,7/23/19,NA,24-Jul-19,24-Jul-19,25-Jul-19,26-Jul-19,NA,NA,-71.6234298,-16.32870047,860909.8737,8191749.326,
Y,23,2020,23_2020,Caso002,NA,CAYMA,NA,CON DUENHO,2/1/20,31-Jan-20,3-Feb-20,3-Feb-20,3-Feb-20,3-Feb-20,3,3,-71.52488176,-16.31657519,871475.1899,8192915.261,
Y,231,2021,231_2021,Caso044,NA,CERRO COLORADO,J.L.B Y RIVERO SECTOR V,CON DUENHO,7/15/21,14-Jul-21,15-Jul-21,16-Jul-21,16-Jul-21,17-Jul-21,1,3,-71.6040233,-16.33422596,862975.639,8191102.661,
Y,232,2023,232_2023,Caso016,NA,MOLLEBAYA,Amigos de San Miguel mz J lote 9 Alto Pajonal,CON DUENHO,5/29/23,24-May-23,28-May-23,29-May-23,29-May-23,31-May-23,,,,,,,
Y,234,2016,234_2016,NA,9,CERRO COLORADO,VILLA CONO NORTE,NA,NA,NA,24-May-16,25-May-16,25-May-16,26-Apr-16,NA,NA,-71.59525364,-16.3177783,863944.2185,8192909.118,
Y,236,2019,236_2019,Caso020,NA,YURA,NA,NA,NA,NA,1-Aug-19,1-Aug-19,2-Aug-19,31-Jul-19,NA,NA,-71.62386,-16.328714,860863.8294,8191748.591,
Y,236,2022,236_2022,Caso028,NA,PEDREGAL,NA,CON DUENHO,9/7/22,4-Sep-22,7-Sep-22,7-Sep-22,7-Sep-22,8-Sep-22,3,4,-72.19504,-16.335434,799767.4034,8191931.773,
Y,24,2019,24_2019,Caso004,NA,CERRO COLORADO,,,1/25/19,24-Jan-19,25-Jan-19,25-Jan-19,25-Jan-19,26-Jan-19,,,,,,,
Y,240,2019,240_2019,Caso021,NA,CAYMA,NA,NA,8/6/19,6-Aug-19,6-Aug-19,6-Aug-19,7-Aug-19,8-Aug-19,0,2,-71.53282426,-16.32087619,870617.3249,8192453.234,
Y,240,2023,240_2023,Caso017,NA,SOCABAYA,LA MANSION II  M_6,CON DUENHO,6/2/23,22-May-23,26-May-23,2-Jun-23,2-Jun-23,6-Jun-23,,,,,,,
Y,242,2019,242_2019,Caso022,NA,CERRO COLORADO,NA,NA,NA,NA,8-Aug-19,8-Aug-19,9-Aug-19,10-Aug-19,NA,NA,-71.567024,-16.36934,866867.8671,8187146.078,
Y,244,2019,244_2019,Caso023,NA,YURA,NA,NS,8/7/19,30-Jul-19,7-Aug-19,7-Aug-19,8-Aug-19,14-Aug-19,8,15,-71.62578761,-16.29681517,860716.1498,8195285.785,
Y,246,2022,246_2022,Caso030,NA,CHARACATO,ASOC. GUSTAVO MOHOME LLOSA,CON DUENHO,9/15/22,12-Sep-22,15-Sep-22,16-Sep-22,16-Sep-22,17-Sep-22,3,5,-71.49214885,-16.479248,874665.3862,8174831.987,
Y,247,2018,247_2018,Caso027,11,CERRO COLORADO,NA,CON DUENHO,6/1/18,30-May-18,1-Jun-18,1-Jun-18,1-Jun-18,4-Jun-18,2,5,-71.54096,-16.314486,869758.9464,8193176,
Y,25,2020,25_2020,Caso003,NA,YURA,NA,CON DUENHO,2/4/20,NA,4-Feb-20,4-Feb-20,4-Feb-20,5-Feb-20,NA,NA,-71.63416176,-16.30158003,859811.4918,8194772.74,
Y,250,2021,250_2021,Caso048,NA,PEDREGAL,PEDREGAL SUR II ETAPA,SIN DUENHO,8/9/21,9-Aug-21,10-Aug-21,10-Aug-21,11-Aug-21,12-Aug-21,1,3,-72.19833388,-16.38321775,799342.2911,8186645.505,
Y,251,2021,251_2021,Caso049,NA,PEDREGAL,LA GRANJA EL PARAISO,CON DUENHO,8/10/21,9-Aug-21,9-Aug-21,10-Aug-21,11-Aug-21,12-Aug-21,0,3,-72.17306338,-16.31916435,802142.1722,8193700.841,
Y,255,2019,255_2019,Caso024,NA,CERRO COLORADO,NA,NA,8/18/19,16-Aug-19,18-Aug-19,19-Aug-19,19-Aug-19,20-Aug-19,2,4,-71.54994,-16.32037,868787.1555,8192540.414,
Y,259,2017,259_2017,Caso032,16,CERRO COLORADO,JORGE CHAVEZ,CON DUENHO,7/31/17,29-Jul-17,31-Jul-17,31-Jul-17,31-Jul-17,1-Aug-17,2,3,-71.54346901,-16.32237075,869475.6871,8192307.014,
Y,266,2022,266_2022,Caso031,NA,CERRO COLORADO,PERUARBO SECTOR III,CON DUENHO,9/27/22,26-Sep-22,27-Sep-22,27-Sep-22,27-Sep-22,28-Sep-22,1,2,-71.597638,-16.352273,863625.238,8189091.934,
Y,270,2023,270_2023,Caso019,NA,SOCABAYA,URB SAN FRANCISCO SAN PABLO D_8,NA,6/17/23,14-Jun-23,17-Jun-23,17-Jun-23,20-Jun-23,21-Jun-23,3,7,-71.54076937,-16.45790892,869508.372,8177285.896,
Y,272,2017,272_2017,,NA,CAYMA,AV SAN PEDRO 308,,NA,NA,,10-Aug-17,11-Aug-17,NA,,,,,,,
Y,272,2019,272_2019,Caso026,NA,MIRAFLORES,NA,NS,8/29/19,21-Aug-19,28-Aug-19,3-Sep-19,3-Sep-19,30-Aug-19,7,9,-71.50561413,-16.37646654,873422.5829,8186244.466,
Y,273,2023,273_2023,Caso020,NA,MARIANO MELGAR,: Ampliaci√≥n ATALAYA mz Q - lote 2, Referencia: Cerca al cruce de Atalaya,CON DUENHO,21-Jun-23,18-Jun-23,21-Jun-23,21-Jun-23,21-Jun-23,6/23/23,3,5,-71.4966804,-16.39621416,874340.3275,8184040.078
Y,275,2017,275_2017,Caso034,17,CERRO COLORADO,ABAD DE PIERRE,CON DUENHO,8/16/17,13-Aug-17,16-Aug-17,16-Aug-17,16-Aug-17,NA,3,NA,-71.54095899,-16.31601061,869756.1865,8193007.088,
Y,279,2017,279_2017,,NA,ALTO SELVA ALEGRE,LETICIA 602,,NA,NA,,20-Aug-17,21-Aug-17,NA,,,,,,,
Y,280,2022,280_2022,Caso034,NA,CERRO COLORADO,MARISCAL CASTILLA,CON DUENHO,10/13/22,8-Oct-22,12-Oct-22,13-Oct-22,13-Oct-22,17-Oct-22,4,9,-71.62308263,-16.37918904,860854.0839,8186155.523,
Y,286,2022,286_2022,Caso035,NA,CHARACATO,CALLE MOQUEGUA NRO 86-A LA HUAYLLA,CON DUENHO,10/16/22,13-Oct-22,17-Oct-22,17-Oct-22,18-Oct-22,19-Oct-22,4,6,-71.476934,-16.474685,876300.7269,8175309.206,
Y,289,2019,289_2019,Caso029,NA,MIRAFLORES,NA,NA,9/16/19,14-Sep-19,16-Sep-19,16-Sep-19,16-Sep-19,18-Sep-19,2,4,-71.5039008,-16.37467462,873609.2555,8186439.843,
Y,29,2021,29_2021,Caso011,NA,YURA,ALTIPLANO,,2/7/21,5-Feb-21,7-Feb-21,7-Feb-21,8-Feb-21,9-Feb-21,,,,,,,
Y,291,2016,291_2016,,NA,YURA,KM 14 CMTE 7 MZ K LT4 C. DE DIOS,,NA,NA,,11-Jun-16,13-Jun-16,NA,,,,,,,
Y,297,2023,297_2023,Caso022,NA,CERRO COLORADO,Calle prolongaci√≥n progreso s/n - Atahualpa (al lado del club Lord Byron),CON DUENHO,7/21/23,19-Jul-23,21-Jul-23,22-Jul-23,24-Jul-23,26-Jul-23,2,7,-71.56769812,-16.39543776,866746.857,8184256.008,
Y,298,2017,298_2017,,NA,ALTO SELVA ALEGRE,APURIMAC V 9,,NA,NA,,14-Sep-17,15-Sep-17,NA,,,,,,,
Y,30,2021,30_2021,Caso013,NA,YURA,COMITE 7,NA,2/5/21,4-Feb-21,5-Feb-21,7-Feb-21,8-Feb-21,9-Feb-21,1,5,-71.6234,-16.293974,860976.81,8195596.305,
Y,30,2023,30_2023,Caso003,NA,YURA,CIUDAD DE DIOS PROFAM MZ 3 LT 3,CON DUENHO,2/7/23,3-Feb-23,7-Feb-23,7-Feb-23,7-Feb-23,9-Feb-23,4,6,-71.62962094,-16.31970472,860264.09,8192756.855,
Y,302,2016,302_2016,,NA,ALTO SELVA ALEGRE,VILLA INDEPENDIENTE C 9,,NA,NA,,16-Jun-16,16-Jun-16,NA,,,,,,,
Y,302,2017,302_2017,Caso038,19,CERRO COLORADO,VILLA CERRILLOS,CON DUENHO,9/17/17,14-Sep-17,17-Sep-17,17-Sep-17,18-Sep-17,19-Sep-17,3,5,-71.54767145,-16.31407443,869041.676,8193233.777,
Y,31,2021,31_2021,Caso012,NA,CERRO COLORADO,ASOC. LAS FLORES,NA,2/8/21,7-Feb-21,8-Feb-21,8-Feb-21,8-Feb-21,9-Feb-21,1,2,-71.56874178,-16.32985356,866757.975,8191523.749,
Y,312,2019,312_2019,Caso032,NA,JLBYR,NA,NA,NA,7-Oct-19,7-Oct-19,7-Oct-19,7-Oct-19,8-Oct-19,0,1,-71.5208509,-16.4420357,871668.138,8179007.947,
Y,315,2017,315_2017,,NA,ALTO SELVA ALEGRE,CANTERAS ASA,,NA,NA,,2-Oct-17,2-Oct-17,NA,,,,,,,
Y,319,2017,319_2017,,NA,MARIANO MELGAR,HEROES DEL CENEPA ZN C W-6,,NA,NA,,4-Oct-17,4-Oct-17,NA,,,,,,,
Y,32,2016,32_2016,3,2,CERRO COLORADO,CARLOS BACA FLOR,CON DUENHO,2/4/16,NA,4-Feb-16,4-Feb-16,5-Feb-16,5-Feb-16,NA,NA,-71.56136748,-16.3301838,867546.2406,8191473.85,
Y,320,2019,320_2019,,NA,YURA,AVIS ALTIPLANO KM 16 ZN A SEC 1 MZ B LT 4,,NA,NA,20-Oct-19,20-Oct-19,21-Oct-19,NA,,,,,,,
Y,321,2023,321_2023,Caso024,NA,YURA,Asociaci√≥n Bellavista - Las Ardillas Zona 1 J -9,CON DUENHO,8/25/23,24-Aug-23,26-Aug-23,26-Aug-23,28-Aug-23,26-Aug-23,2,2,-71.64627,-16.309694,858501.2939,8193895.231,
Y,333,2018,333_2018,Caso033,NA,CERRO COLORADO,CIUDAD MUNICIPAL SECTOR 2,NS,9/17/18,17-Sep-18,17-Sep-18,17-Sep-18,17-Sep-18,19-Sep-18,0,2,-71.59501,-16.324383,863958.049,8192176.99,
Y,336,2019,336_2019,Caso037,NA,CAYMA,,,10/31/19,29-Oct-19,31-Oct-19,NA,4-Nov-19,4-Nov-19,,,,,,,
Y,34,2021,34_2021,Caso014,NA,PEDREGAL,CIUDAD MAJES MODULO E SECTOR 2,NA,2/9/21,5-Feb-21,10-Feb-21,11-Feb-21,11-Feb-21,12-Feb-21,5,7,-72.17833375,-16.32003749,801577.2704,8193611.969,
Y,348,2023,348_2023,Caso026,NA,J. L. B Y R,Urbanizacion bancarios (canal IREN) ,SIN DUENHO,10/6/23,6-Oct-23,6-Oct-23,7-Oct-23,9-Oct-23,11-Oct-23,,,,,,,
Y,35,2018,35_2018,Caso005,2,CERRO COLORADO,JLBYR SECTOR 6,CON DUENHO,1/28/18,28-Jan-18,30-Jan-18,31-Jan-18,1-Feb-18,2-Feb-18,2,5,-71.60505,-16.341963,862851.5085,8190247.362,
Y,NA,2010,3553_2010,,NA,AZANGARO (PUNO),,,NA,NA,--,19-Nov-10,NA,NA,,,-70.11292,-15.24659,,,
Y,357,2016,357_2016,NA,12,CERRO COLORADO,CIUDAD MUNICIPAL,NA,7/11/16,9-Jul-16,10-Jul-16,11-Jul-16,11-Jul-16,12-Jul-16,1,3,-71.58736745,-16.32286847,864778.4455,8192331.088,
Y,358,2023,358_2023,Caso027,NA,JLBYR,Parqueo IREN - JLByR,SIN DUENHO,10/18/23,18-Oct-23,18-Oct-23,18-Oct-23,19-Oct-23,20-Oct-23,0,2,-71.53008754,-16.4148062,870732.2947,8182041.699,
Y,367,2015,367_2015,9,NA,MARIANO MELGAR,SANTA ROSA,CON DUENHO,7/16/15,13-Jul-15,17-Jul-15,17-Jul-15,17-Jul-15,NA,4,NA,-71.50720846,-16.40813318,873191.6231,8182738.962,
Y,374,2018,374_2018,Caso037,NA,YURA,CIUDAD DE DIOS,NA,NA,NA,6-Oct-18,8-Oct-18,9-Oct-18,11-Oct-18,NA,NA,-71.627045,-16.293726,860587.2809,8195630.23,
Y,375,2017,375_2017,,NA,MARIANO MELGAR,ASC LOS ROSALES MZ E LT 2,,NA,NA,,23-Nov-17,23-Nov-17,NA,,,,,,,
Y,375,2018,375_2018,Caso038,NA,YURA,CIUDAD DE DIOS,NA,NA,NA,8-Oct-18,9-Oct-18,9-Oct-18,11-Oct-18,NA,NA,-71.6183252,-16.30910151,861491.9763,8193911.464,
Y,386,2016,386_2016,,NA,MARIANO MELGAR,PPJJ ARTURO VILLEGAS MZ A LT 5,,NA,NA,,21-Jul-16,22-Jul-16,NA,,,,,,,
Y,4,2023,4_2023,Caso001,NA,ALTO SELVA ALEGRE,VILLA CONFRATERNIDAD AGRUPAMIENTO FAMILIAR ZC C MZ 3  LT 10,SIN DUENHO,1/7/23,6-Jan-23,7-Jan-23,7-Jan-23,9-Jan-23,11-Jan-23,,,,,,,
Y,40,2021,40_2021,Caso015,NA,CERRO COLORADO,PEDRO P DIAZ,NA,2/15/21,9-Feb-21,13-Feb-21,15-Feb-21,16-Feb-21,19-Feb-21,4,10,-71.55359419,-16.31982398,868397.2401,8192607.526,
Y,402,2017,402_2017,,NA,CERRO COLORADO,VIA DE EVITAMIENTO KM 6.5,,NA,NA,,15-Dec-17,15-Dec-17,NA,,,,,,,
Y,41,2020,41_2020,Caso005,NA,YURA,NA,CON DUENHO,2/12/20,10-Feb-20,11-Feb-20,13-Feb-20,13-Feb-20,14-Feb-20,1,4,-71.60915384,-16.3177206,862457.2747,8192940.317,
Y,41,2024,41_2024,Caso001,NA,MARIANO MELGAR,SAN GERONIMO,SIN DUEHO,2/2/24,NA,NA,2-Feb-24,2-Feb-24,6-Feb-24,NA,NA,-71.48109962,-16.40224446,875995.066,8183343.087,
Y,42,2020,42_2020,Caso006,NA,PAUCARPATA,NA,NA,2/13/20,6-Feb-20,9-Feb-20,13-Feb-20,13-Feb-20,15-Feb-20,3,9,-71.49382107,-16.42870613,874583.8044,8180434.863,
Y,435,2018,435_2018,Caso045,NA,PAUCARPATA,NA,NS,NA,NA,14-Nov-18,14-Nov-18,14-Nov-18,NA,NA,NA,-71.51325918,-16.41191557,872537.3483,8182331.049,
Y,44,2016,44_2016,6,4,CERRO COLORADO,VILLA CANTERAS,CON DUENHO,2/17/16,17-Feb-16,17-Feb-16,17-Feb-16,17-Feb-16,18-Feb-16,0,1,-71.59056757,-16.33157566,864419.9443,8191372.203,
Y,442,2016,442_2016,NA,15,CERRO COLORADO,APIPA SECTOR XII,NA,9/15/16,15-Sep-16,18-Sep-16,18-Sep-16,19-Sep-16,19-Sep-16,3,4,-71.61649811,-16.33453865,861640.6242,8191090.25,
Y,447,2018,447_2018,Caso047,NA,CERRO COLORADO,NA,NA,NA,NA,25-Nov-18,26-Nov-18,27-Nov-18,27-Nov-18,NA,NA,-71.612175,-16.35057,862073.4852,8189306.567,
Y,46,2017,46_2017,,NA,SOCABAYA,SAN FERNANDO ASERMUL D 11,,NA,NA,,25-Jan-17,25-Jan-17,NA,,,,,,,
Y,46,2019,46_2019,Caso005,NA,CAYMA,NA,CON DUENHO,NA,NA,13-Feb-19,14-Feb-19,14-Feb-19,19-Feb-19,NA,NA,-71.54350258,-16.35595102,869408.8801,8188586.752,
Y,462,2016,462_2016,NA,18,CERRO COLORADO,NAZARENO 6TA ETAPA,NA,9/27/16,24-Sep-16,27-Sep-16,27-Sep-16,28-Sep-16,29-Sep-16,3,5,-71.54865668,-16.3262841,868913.3444,8191882.874,
Y,468,2016,468_2016,NA,NA,JLBYR,BENIGNO BALLON FARFAN,NA,10/1/16,26-Sep-16,1-Oct-16,1-Oct-16,3-Oct-16,3-Oct-16,5,7,-71.50911405,-16.44365555,872919.95,8178806.847,
Y,47,2019,47_2019,Caso006,NA,YURA,NA,NS,NA,NA,16-Feb-19,16-Feb-19,18-Feb-19,23-Feb-19,NA,NA,-71.61698,-16.3038,861645.6384,8194496.384,
Y,48,2019,48_2019,Caso007,NA,CAYMA,NA,NS,NA,NA,15-Feb-19,16-Feb-19,18-Feb-19,NA,NA,NA,-71.55114,-16.339685,868622.5143,8190402.716,
Y,480,2016,480_2016,NA,20,CERRO COLORADO,JLBYR SECTOR III,NA,10/10/16,7-Oct-16,10-Oct-16,10-Oct-16,11-Oct-16,12-Oct-16,3,5,-71.59438684,-16.33264008,864009.409,8191261.123,
Y,481,2016,481_2016,,NA,MARIANO MELGAR,CALLE ICA 508,,NA,NA,,11-Oct-16,11-Oct-16,NA,,,,,,,
Y,485,2016,485_2016,,NA,SACHACA,IRRIGAC HUARANGUILLO N° 1,,NA,NA,,11-Oct-16,12-Oct-16,NA,,,,,,,
Y,495,2016,495_2016,NA,23,CERRO COLORADO,JORGE CHAVEZ,NA,10/15/16,15-Oct-16,15-Oct-16,15-Oct-16,17-Oct-16,18-Oct-16,0,3,-71.54519947,-16.3235226,869288.3918,8192182.544,
Y,51,2018,51_2018,Caso008,3,CERRO COLORADO,JLBYR SECTOR 9 AMPLIACION,CON DUENHO,2/13/18,10-Feb-18,13-Feb-18,13-Feb-18,13-Feb-18,15-Feb-18,3,5,-71.61768,-16.351608,861482.7498,8189201.38,
Y,52,2018,52_2018,Caso009,4,CERRO COLORADO,PERUARBO SECTOR PERU 3,CON DUENHO,2/14/18,10-Feb-18,14-Feb-18,14-Feb-18,14-Feb-18,15-Feb-18,4,5,-71.59883,-16.352282,863497.7226,8189093.071,
Y,52,2021,52_2021,Caso016,NA,PEDREGAL,CIUDAD MAJES MODULO B,NA,2/24/21,22-Feb-21,24-Feb-21,24-Feb-21,25-Feb-21,27-Feb-21,2,5,-72.18033884,-16.3277413,801351.0575,8192761.882,
Y,534,2016,534_2016,NA,28,CERRO COLORADO,NUEVA AREQUIPA,NA,11/17/16,17-Nov-16,17-Nov-16,17-Nov-16,17-Nov-16,19-Nov-16,0,2,-71.58992556,-16.33837193,864476.0037,8190618.132,
Y,54,2024,54_2024,Caso002,NA,CERRO COLORADO,Villa Progreso,CON DUENHO,2/13/24,NA,13-Feb-24,13-Feb-24,14-Feb-24,15-Feb-24,NA,NA,-71.54766915,-16.31042615,869048.7706,8193637.96,
Y,56,2021,56_2021,Caso017,NA,CERRO COLORADO,PROFAN 1RA ETAPA,NA,2/26/21,25-Feb-21,26-Feb-21,27-Feb-21,27-Feb-21,1-Mar-21,1,4,-71.63340684,-16.311133,859874.779,8193713.129,
Y,56,2023,56_2023,Caso004,NA,CERRO COLORADO,APIPA 3 MZ F LOTE 21,CON DUENHO,2/17/23,15-Feb-23,17-Feb-23,17-Feb-23,17-Feb-23,18-Feb-23,2,3,-71.61011813,-16.33019529,862331.107,8191560.06,
Y,560,2015,560_2015,13,NA,MARIANO MELGAR,PSJE SR. DE HUANCA MZ2 L6,CON DUENHO,NA,7-Sep-15,7-Sep-15,7-Sep-15,7-Sep-15,8-Sep-15,0,1,-71.49618517,-16.40255789,874381.1417,8183336.315,
Y,562,2016,562_2016,NA,29,CERRO COLORADO,MERCADO MAYORISTA,NA,12/8/16,7-Dec-16,8-Dec-16,9-Dec-16,9-Dec-16,11-Dec-16,1,4,-71.58302859,-16.32566277,865237.418,8192013.737,
Y,563,2016,563_2016,NA,30,CERRO COLORADO,SANTA ISABEL ZONA II,NA,12/11/16,7-Dec-16,9-Dec-16,11-Dec-16,12-Dec-16,11-Dec-16,2,4,-71.58124094,-16.33749293,865406.6407,8190699.921,
Y,57,2017,57_2017,Caso006,4,CERRO COLORADO,VILLA MAJISTERIAL,CON DUENHO,2/1/17,28-Jan-17,1-Feb-17,1-Feb-17,1-Feb-17,3-Feb-17,4,6,-71.57386406,-16.32258209,866223.5678,8192338.556,
Y,571,2016,571_2016,,NA,UCHUMAYO,,,NA,NA,,16-Dec-16,19-Dec-16,NA,,,,,,,
Y,576,2016,576_2016,NA,33,CERRO COLORADO,CERRILLOS,NA,12/19/16,19-Dec-16,21-Dec-16,21-Dec-16,21-Dec-16,23-Dec-16,2,4,-71.55066935,-16.31380686,868721.44,8193268.854,
Y,609,2015,609_2015,14,NA,MARIANO MELGAR,NUEVO MILENIUM,SIN DUENHO,NA,NA,26-Sep-15,28-Sep-15,28-Sep-15,28-Sep-15,NA,NA,-71.4839463,-16.3924328,875709.4818,8184435.456,
Y,61,2021,61_2021,Caso018,NA,CERRO COLORADO,LAS LOMAS,NA,2/28/21,24-Feb-21,28-Feb-21,1-Mar-21,1-Mar-21,3-Mar-21,4,7,-71.63603084,-16.36436253,859496.5592,8187821.003,
Y,653,2015,653_2015,15,NA,MARIANO MELGAR,PANAMA 347,CON DUENHO,NA,NA,13-Oct-15,13-Oct-15,14-Oct-15,15-Oct-15,NA,NA,-71.49329888,-16.40240654,874690.1038,8183347.744,
Y,68,2021,68_2021,Caso019,NA,PEDREGAL,NUEVO HORIZONTE EL BOSQUE,NA,3/3/21,26-Feb-21,3-Mar-21,3-Mar-21,3-Mar-21,5-Mar-21,5,7,-72.17536,-16.307302,801914.797,8195017.788,
Y,69,2016,69_2016,,NA,MIRAFLORES,E. MISTI LA ALAMEDA CALLE 1,,NA,NA,,1-Mar-16,1-Mar-16,NA,,,,,,,
Y,69,2022,69_2022,Caso007,NA,HUNTER,UPIS PAISAJISTA,CON DUENHO,3/22/22,21-Mar-22,22-Mar-22,22-Mar-22,23-Mar-22,24-Mar-22,1,3,-71.55672352,-16.46286521,867793.3751,8176765.939,
Y,696,2015,696_2015,16,NA,MARIANO MELGAR,SANTA ROSA,CON DUENHO,11/13/15,10-Nov-15,13-Nov-15,13-Nov-15,13-Nov-15,NA,3,NA,-71.50379518,-16.40288251,873566.6786,8183314.405,
Y,699,2015,699_2015,17,NA,MARIANO MELGAR,SENHOR DE LOS MILAGROS,CON DUENHO,11/17/15,13-Nov-15,16-Nov-15,18-Nov-15,18-Nov-15,NA,3,NA,-71.49571685,-16.39422949,874447.1781,8184258.186,
Y,704,2015,704_2015,18,NA,MARIANO MELGAR,PUEBLO LIBRE,SIN DUENHO,NA,NA,25-Nov-15,26-Nov-15,26-Nov-15,4-Dec-15,NA,NA,-71.49390975,-16.39492615,874639.1109,8184177.659,
Y,71,2021,71_2021,Caso020,NA,PEDREGAL,NA,NA,3/5/21,5-Mar-21,6-Mar-21,6-Mar-21,8-Mar-21,8-Mar-21,1,3,-72.180824,-16.310675,801325.33,8194652.378,
Y,711,2015,711_2015,19,NA,MARIANO MELGAR,NUEVO MILENIO B7,SIN DUENHO,NA,NA,2-Dec-15,3-Dec-15,3-Dec-15,4-Dec-15,NA,NA,-71.48548371,-16.39289249,875544.1725,8184387.375,
Y,73,2015,73_2015,2,NA,MIRAFLORES,UPIS EL SALVADOR,SIN DUENHO,3/22/15,22-Mar-15,22-Mar-15,23-Mar-15,25-Mar-15,NA,0,NA,-71.50150904,-16.37565627,873863.2013,8186326.674,
Y,73,2021,73_2021,Caso021,NA,PEDREGAL,LA COLINA,NA,3/6/21,5-Mar-21,6-Mar-21,6-Mar-21,6-Mar-21,6-Mar-21,1,1,-72.17603,-16.333763,801802.5342,8192088.702,
Y,75,2021,75_2021,Caso022,NA,CERRO COLORADO,CIUDAD MUNICIPAL,NA,3/9/21,NA,NA,9-Mar-21,9-Mar-21,11-Mar-21,NA,NA,-71.596666,-16.323315,863782.8719,8192298.268,
Y,88,2019,88_2019,Caso008,NA,CERRO COLORADO,NA,CON DUENHO,3/18/19,16-Mar-19,18-Mar-19,18-Mar-19,18-Mar-19,19-Mar-19,2,3,-71.61434554,-16.35615896,861831.0081,8188691.278,
Y,89,2018,89_2018,Caso012,5,CERRO COLORADO,JORGE CHAVEZ,CON DUENHO,3/12/18,10-Mar-18,11-Mar-18,13-Mar-18,14-Mar-18,16-Mar-18,1,6,-71.54373,-16.3241,869444.5138,8192115.906,
Y,9,2019,9_2019,Caso002,NA,MIRAFLORES,NA,NA,NA,NA,NA,17-Jan-19,17-Jan-19,17-Jan-19,NA,NA,-71.507675,-16.393171,873170.2962,8184397.526,
Y,90,2021,90_2021,Caso024,NA,YURA,ASOC. CAMINEROS EMPLEADOS,NA,3/12/21,12-Mar-21,12-Mar-21,13-Mar-21,13-Mar-21,15-Mar-21,0,3,-71.60477884,-16.3124546,862935.0354,8193515.902,
Y,91,2017,91_2017,Caso009,8,CERRO COLORADO,CIUDAD MUNICIPAL,CON DUENHO,3/24/17,17-Mar-17,21-Mar-17,25-Mar-17,27-Mar-17,NA,4,NA,-71.59476446,-16.32382748,863985.3458,8192238.093,
Y,92,2018,92_2018,,NA,J. L. B Y R,DOLORES S/N DETRÁS DEL HOTEL,,NA,NA,,17-Mar-18,19-Mar-18,NA,,,,,,,
Y,93,2018,93_2018,,NA,J. L. B Y R,PARQUE AL FRENTE DEL COLEGIO J. BASADRE,,NA,NA,,20-Mar-18,20-Mar-18,NA,,,,,,,
Y,97,2017,97_2017,,NA,UCHUMAYO,PUEBLO LIBRE VARIANTE DE UCHUMAYO LADO DE PICANTERIA MARILU,,NA,NA,,2-Mar-17,3-Mar-17,NA,,,,,,,