node1,node2,length,startLat,startLon,endLat,endLon,endNodeL,startNodeL,startYear,endYear,treeID
167,168,3.19180958702311,-15.2652780027906,-70.1049242838336,-15.263900232023,-70.1104380357323,3.19180958702311,0,2002.57078589733,2005.76259548435,245700000
167,171,5.4447315038584,-15.2652780027906,-70.1049242838336,-15.263513608017,-70.1155199902267,5.4447315038584,0,2002.57078589733,2008.01551740119,245700000
168,4,6.58630937379673,-15.263900232023,-70.1104380357323,-15.69549937,-70.11214,9.77811896081985,3.19180958702311,2005.76259548435,2012.34890485815,245700000
168,169,4.63147847549964,-15.263900232023,-70.1104380357323,-15.2535297295715,-70.1372217114685,7.82328806252275,3.19180958702311,2005.76259548435,2010.39407395985,245700000
169,1,10.7886657661765,-15.2535297295715,-70.1372217114685,-16.323315,-71.596666,18.6119538286993,7.82328806252275,2010.39407395985,2021.18273972603,245700000
169,170,0.182380672948689,-15.2535297295715,-70.1372217114685,-15.2565222718161,-70.1360006404357,8.00566873547144,7.82328806252275,2010.39407395985,2010.5764546328,245700000
170,2,0.576148106926453,-15.2565222718161,-70.1360006404357,-15.2557,-70.1019,8.58181684239789,8.00566873547144,2010.5764546328,2011.15260273973,245700000
170,3,0.589846737063468,-15.2565222718161,-70.1360006404357,-15.2419,-70.1018,8.59551547253491,8.00566873547144,2010.5764546328,2011.16630136986,245700000
171,172,2.64214522513881,-15.263513608017,-70.1155199902267,-16.4033013698048,-71.5010171507899,8.0868767289972,5.4447315038584,2008.01551740119,2010.65766262633,245700000
171,5,2.86585246182702,-15.263513608017,-70.1155199902267,-15.24659,-70.11292,8.31058396568542,5.4447315038584,2008.01551740119,2010.88136986301,245700000
172,185,2.54886995730941,-16.4033013698048,-71.5010171507899,-16.4071748820465,-71.4952354271988,10.6357466863066,8.0868767289972,2010.65766262633,2013.20653258363,245700000
172,173,8.00300100694888,-16.4033013698048,-71.5010171507899,-16.3728289544606,-71.5093168168681,16.0898777359461,8.0868767289972,2010.65766262633,2018.66066363327,245700000
173,18,1.03988431193125,-16.3728289544606,-71.5093168168681,-16.37467462,-71.5039008,17.1297620478773,16.0898777359461,2018.66066363327,2019.70054794521,245700000
173,174,0.459248884910803,-16.3728289544606,-71.5093168168681,-16.3712012630195,-71.4923192542943,16.5491266208569,16.0898777359461,2018.66066363327,2019.11991251818,245700000
174,6,0.435429947568457,-16.3712012630195,-71.4923192542943,-16.37430758,-71.50570585,16.9845565684253,16.5491266208569,2019.11991251818,2019.55534246575,245700000
174,175,0.0773199848503117,-16.3712012630195,-71.4923192542943,-16.3723469478884,-71.501871484796,16.6264466057072,16.5491266208569,2019.11991251818,2019.19723250304,245700000
175,7,0.566329140800263,-16.3723469478884,-71.501871484796,-16.4420357,-71.5208509,17.1927757465075,16.6264466057072,2019.19723250304,2019.76356164384,245700000
175,176,1.15462457022085,-16.3723469478884,-71.501871484796,-16.3131374744173,-72.1907672569354,17.781071175928,16.6264466057072,2019.19723250304,2020.35185707326,245700000
176,177,0.153486756913265,-16.3131374744173,-72.1907672569354,-16.3178529420539,-72.1830244838197,17.9345579328413,17.781071175928,2020.35185707326,2020.50534383017,245700000
176,8,0.819923748661573,-16.3131374744173,-72.1907672569354,-16.310675,-72.180824,18.6009949245896,17.781071175928,2020.35185707326,2021.17178082192,245700000
177,178,0.322258318599115,-16.3178529420539,-72.1830244838197,-16.3173447900549,-72.1824526024039,18.2568162514404,17.9345579328413,2020.50534383017,2020.82760214877,245700000
177,182,0.316223086024473,-16.3178529420539,-72.1830244838197,-16.316202322292,-72.1811918530455,18.2507810188658,17.9345579328413,2020.50534383017,2020.82156691619,245700000
178,180,0.233112262667936,-16.3173447900549,-72.1824526024039,-16.3170245273977,-72.1810501331685,18.4899285141084,18.2568162514404,2020.82760214877,2021.06071441144,245700000
178,179,0.271437150114751,-16.3173447900549,-72.1824526024039,-16.3391504994116,-72.1783568732756,18.5282534015552,18.2568162514404,2020.82760214877,2021.09903929888,245700000
179,10,0.502878509335919,-16.3391504994116,-72.1783568732756,-16.31916435,-72.17306338,19.0311319108911,18.5282534015552,2021.09903929888,2021.60191780822,245700000
179,9,0.502878509335919,-16.3391504994116,-72.1783568732756,-16.38321775,-72.19833388,19.0311319108911,18.5282534015552,2021.09903929888,2021.60191780822,245700000
180,11,0.0343540817141141,-16.3170245273977,-72.1810501331685,-16.32003749,-72.17833375,18.5242825958225,18.4899285141084,2021.06071441144,2021.09506849315,245700000
180,181,0.0359795630643251,-16.3170245273977,-72.1810501331685,-16.3242261286302,-72.1810212951839,18.5259080771727,18.4899285141084,2021.06071441144,2021.0966939745,245700000
181,13,0.179196436458105,-16.3242261286302,-72.1810212951839,-16.32494862,-72.18179114,18.7051045136308,18.5259080771727,2021.0966939745,2021.27589041096,245700000
181,12,0.0449498611155468,-16.3242261286302,-72.1810212951839,-16.3277413,-72.18033884,18.5708579382882,18.5259080771727,2021.0966939745,2021.14164383562,245700000
182,183,0.0741035264721361,-16.316202322292,-72.1811918530455,-16.3159530768561,-72.1783537415554,18.3248845453379,18.2507810188658,2020.82156691619,2020.89567044267,245700000
182,14,0.350213905723836,-16.316202322292,-72.1811918530455,-16.333763,-72.17603,18.6009949245896,18.2507810188658,2020.82156691619,2021.17178082192,245700000
183,17,0.25693229705997,-16.3159530768561,-72.1783537415554,-16.307302,-72.17536,18.5818168423979,18.3248845453379,2020.89567044267,2021.15260273973,245700000
183,184,0.184598707961222,-16.3159530768561,-72.1783537415554,-16.3083466142271,-72.1774129903625,18.5094832532991,18.3248845453379,2020.89567044267,2021.08026915063,245700000
184,16,0.35726509594801,-16.3083466142271,-72.1774129903625,-16.3489947,-72.20092481,18.8667483492472,18.5094832532991,2021.08026915063,2021.43753424658,245700000
184,15,0.127128109646578,-16.3083466142271,-72.1774129903625,-16.30828596,-72.17553218,18.6366113629457,18.5094832532991,2021.08026915063,2021.20739726027,245700000
185,213,0.748941060455278,-16.4071748820465,-71.4952354271988,-16.3534149542246,-71.5645605423326,11.3846877467619,10.6357466863066,2013.20653258363,2013.95547364409,245700000
185,186,0.110307506055518,-16.4071748820465,-71.4952354271988,-16.4076742529803,-71.4925428827716,10.7460541923621,10.6357466863066,2013.20653258363,2013.31684008969,245700000
186,187,0.669165383469798,-16.4076742529803,-71.4925428827716,-16.395452348394,-71.5094845318421,11.4152195758319,10.7460541923621,2013.31684008969,2013.98600547316,245700000
186,19,2.21110511578918,-16.4076742529803,-71.4925428827716,-16.40813318,-71.50720846,12.9571593081513,10.7460541923621,2013.31684008969,2015.52794520548,245700000
187,188,1.35451688570485,-16.395452348394,-71.5094845318421,-16.388301947956,-71.5023048578523,12.7697364615368,11.4152195758319,2013.98600547316,2015.34052235886,245700000
187,193,0.7619306849724,-16.395452348394,-71.5094845318421,-16.3990686063104,-71.4897683641369,12.1771502608043,11.4152195758319,2013.98600547316,2014.74793615813,245700000
188,189,0.408782171085873,-16.388301947956,-71.5023048578523,-16.398841361885,-71.5093394966694,13.1785186326226,12.7697364615368,2015.34052235886,2015.74930452995,245700000
188,25,0.729693974693017,-16.388301947956,-71.5023048578523,-16.30893296,-71.55127284,13.4994304362298,12.7697364615368,2015.34052235886,2016.07021633356,245700000
189,20,0.107407798816324,-16.398841361885,-71.5093394966694,-16.40288251,-71.50379518,13.285926431439,13.1785186326226,2015.74930452995,2015.85671232877,245700000
189,190,0.207398672559684,-16.398841361885,-71.5093394966694,-16.3973292397907,-71.51374083978,13.3859173051823,13.1785186326226,2015.74930452995,2015.95670320251,245700000
190,24,0.206409305910887,-16.3973292397907,-71.51374083978,-16.394621,-71.51328883,13.5923266110932,13.3859173051823,2015.95670320251,2016.16311250842,245700000
190,191,0.383982401881314,-16.3973292397907,-71.51374083978,-16.4028207584804,-71.4957244100299,13.7698997070636,13.3859173051823,2015.95670320251,2016.34068560439,245700000
191,192,0.479518556439386,-16.4028207584804,-71.4957244100299,-16.3652784615345,-71.4952372198499,14.249418263503,13.7698997070636,2016.34068560439,2016.82020416083,245700000
191,21,0.210405046106036,-16.4028207584804,-71.4957244100299,-16.40575491,-71.49612593,13.9803047531697,13.7698997070636,2016.34068560439,2016.5510906505,245700000
192,23,0.499521866566161,-16.3652784615345,-71.4952372198499,-16.39438124,-71.4906797,14.7489401300692,14.249418263503,2016.82020416083,2017.3197260274,245700000
192,22,0.447467072045461,-16.3652784615345,-71.4952372198499,-16.32612939,-71.58305839,14.6968853355485,14.249418263503,2016.82020416083,2017.26767123288,245700000
193,194,0.767939026699544,-16.3990686063104,-71.4897683641369,-16.4045748922502,-71.4958821207743,12.9450892875039,12.1771502608043,2014.74793615813,2015.51587518483,245700000
193,195,0.0251389510319964,-16.3990686063104,-71.4897683641369,-16.3967924396527,-71.4920319559858,12.2022892118363,12.1771502608043,2014.74793615813,2014.77307510916,245700000
194,27,2.3764535822912,-16.4045748922502,-71.4958821207743,-16.39657603,-71.49501346,15.3215428697951,12.9450892875039,2015.51587518483,2017.89232876712,245700000
194,26,0.165494678181725,-16.4045748922502,-71.4958821207743,-16.40255789,-71.49618517,13.1105839656856,12.9450892875039,2015.51587518483,2015.68136986301,245700000
195,196,0.1128827755491,-16.3967924396527,-71.4920319559858,-16.3953949209447,-71.4940169508426,12.3151719873854,12.2022892118363,2014.77307510916,2014.88595788471,245700000
195,28,1.09185639768472,-16.3967924396527,-71.4920319559858,-16.39422949,-71.49571685,13.294145609521,12.2022892118363,2014.77307510916,2015.86493150685,245700000
196,46,1.03102841665632,-16.3953949209447,-71.4940169508426,-16.39289249,-71.48548371,13.3462004040417,12.3151719873854,2014.88595788471,2015.91698630137,245700000
196,197,0.0086281406349169,-16.3953949209447,-71.4940169508426,-16.3973492946864,-71.4952832437244,12.3238001280203,12.3151719873854,2014.88595788471,2014.89458602535,245700000
197,29,0.323770139035036,-16.3973492946864,-71.4952832437244,-16.37565627,-71.50150904,12.6475702670554,12.3238001280203,2014.89458602535,2015.21835616438,245700000
197,198,0.580048825395998,-16.3973492946864,-71.4952832437244,-16.400296476146,-71.4868091163604,12.9038489534163,12.3238001280203,2014.89458602535,2015.47463485074,245700000
198,199,0.0480885457383042,-16.400296476146,-71.4868091163604,-16.3999179794223,-71.4654832765612,12.9519374991546,12.9038489534163,2015.47463485074,2015.52272339648,245700000
198,200,0.0669772091825536,-16.400296476146,-71.4868091163604,-16.3969086937315,-71.4891611909352,12.9708261625989,12.9038489534163,2015.47463485074,2015.54161205993,245700000
199,31,2.23261906927051,-16.3999179794223,-71.4654832765612,-16.39120303,-71.48023315,15.1845565684252,12.9519374991546,2015.52272339648,2017.75534246575,245700000
199,30,0.932738838714485,-16.3999179794223,-71.4654832765612,-16.36897699,-71.5193246,13.8846763378691,12.9519374991546,2015.52272339648,2016.4554622352,245700000
200,211,0.104225018903524,-16.3969086937315,-71.4891611909352,-16.3986324396684,-71.490543251558,13.0750511815024,12.9708261625989,2015.54161205993,2015.64583707883,245700000
200,201,0.568740299225638,-16.3969086937315,-71.4891611909352,-16.3887735632861,-71.5312215826903,13.5395664618245,12.9708261625989,2015.54161205993,2016.11035235915,245700000
201,202,0.304174563912918,-16.3887735632861,-71.5312215826903,-16.3886653638143,-71.5372963890108,13.8437410257375,13.5395664618245,2016.11035235915,2016.41452692307,245700000
201,42,0.894305175093786,-16.3887735632861,-71.5312215826903,-16.44510074,-71.56520284,14.4338716369183,13.5395664618245,2016.11035235915,2017.00465753425,245700000
202,41,0.360607443279079,-16.3886653638143,-71.5372963890108,-16.40285378,-71.51231033,14.2043484690165,13.8437410257375,2016.41452692307,2016.77513436634,245700000
202,203,0.00742919920201501,-16.3886653638143,-71.5372963890108,-16.3871755490792,-71.5359071443976,13.8511702249395,13.8437410257375,2016.41452692307,2016.42195612227,245700000
203,40,0.312194637519717,-16.3871755490792,-71.5359071443976,-16.44365555,-71.50911405,14.1633648624592,13.8511702249395,2016.42195612227,2016.73415075979,245700000
203,204,0.105848245798391,-16.3871755490792,-71.5359071443976,-16.3673415073341,-71.5160407968927,13.9570184707379,13.8511702249395,2016.42195612227,2016.52780436807,245700000
204,205,0.807352065804235,-16.3673415073341,-71.5160407968927,-16.3673869243992,-71.5139728067423,14.7643705365421,13.9570184707379,2016.52780436807,2017.33515643387,245700000
204,39,0.65493535796142,-16.3673415073341,-71.5160407968927,-16.36891794,-71.52116468,14.6119538286993,13.9570184707379,2016.52780436807,2017.18273972603,245700000
205,209,1.19010126182736,-16.3673869243992,-71.5139728067423,-16.3802604665855,-71.4910407308355,15.9544717983695,14.7643705365421,2017.33515643387,2018.5252576957,245700000
205,206,0.00473954736426307,-16.3673869243992,-71.5139728067423,-16.3672266052141,-71.5129909924248,14.7691100839064,14.7643705365421,2017.33515643387,2017.33989598123,245700000
206,207,0.317411357522023,-16.3672266052141,-71.5129909924248,-16.3697562981544,-71.509514621667,15.0865214414284,14.7691100839064,2017.33989598123,2017.65730733876,245700000
206,32,0.409967032464088,-16.3672266052141,-71.5129909924248,-16.34398399,-71.52693936,15.1790771163704,14.7691100839064,2017.33989598123,2017.7498630137,245700000
207,208,0.444600093494984,-16.3697562981544,-71.509514621667,-16.4181546951127,-71.5333810466649,15.5311215349234,15.0865214414284,2017.65730733876,2018.10190743225,245700000
207,33,0.0432406064489497,-16.3697562981544,-71.509514621667,-16.36917267,-71.51095321,15.1297620478773,15.0865214414284,2017.65730733876,2017.70054794521,245700000
208,35,0.102750101995002,-16.4181546951127,-71.5333810466649,-16.414707,-71.52698,15.6338716369184,15.5311215349234,2018.10190743225,2018.20465753425,245700000
208,34,0.204119965008817,-16.4181546951127,-71.5333810466649,-16.447126,-71.539085,15.7352414999322,15.5311215349234,2018.10190743225,2018.30602739726,245700000
209,210,0.185221830132573,-16.3802604665855,-71.4910407308355,-16.3970147425586,-71.5023778708103,16.139693628502,15.9544717983695,2018.5252576957,2018.71047952583,245700000
209,38,0.920495728959998,-16.3802604665855,-71.4910407308355,-16.396154,-71.47797,16.8749675273295,15.9544717983695,2018.5252576957,2019.44575342466,245700000
210,37,0.332534172799977,-16.3970147425586,-71.5023778708103,-16.393171,-71.507675,16.472227801302,16.139693628502,2018.71047952583,2019.04301369863,245700000
210,36,0.157191707046603,-16.3970147425586,-71.5023778708103,-16.41191557,-71.51325918,16.2968853355486,16.139693628502,2018.71047952583,2018.86767123288,245700000
211,212,0.0692070264675131,-16.3986324396684,-71.490543251558,-16.3950894743392,-71.4890634742467,13.1442582079699,13.0750511815024,2015.64583707883,2015.7150441053,245700000
211,43,0.0875875787036531,-16.3986324396684,-71.490543251558,-16.3924328,-71.4839463,13.1626387602061,13.0750511815024,2015.64583707883,2015.73342465753,245700000
212,44,0.182764113880085,-16.3950894743392,-71.4890634742467,-16.39492615,-71.49390975,13.32702232185,13.1442582079699,2015.7150441053,2015.89780821918,245700000
212,45,0.0649558947018978,-16.3950894743392,-71.4890634742467,-16.40240654,-71.49329888,13.2092141026718,13.1442582079699,2015.7150441053,2015.78,245700000
213,214,0.178823957981297,-16.3534149542246,-71.5645605423326,-16.3294715320167,-71.5649983700608,11.5635117047432,11.3846877467619,2013.95547364409,2014.13429760207,245700000
213,166,2.17211973864823,-16.3534149542246,-71.5645605423326,-16.33157566,-71.59056757,13.5568074854101,11.3846877467619,2013.95547364409,2016.12759338274,245700000
214,215,0.402653522294184,-16.3294715320167,-71.5649983700608,-16.3316366021611,-71.5628973376411,11.9661652270374,11.5635117047432,2014.13429760207,2014.53695112437,245700000
214,165,1.95777665498384,-16.3294715320167,-71.5649983700608,-16.3301838,-71.56136748,13.521288359727,11.5635117047432,2014.13429760207,2016.09207425706,245700000
215,216,0.248093024902342,-16.3316366021611,-71.5628973376411,-16.3143223554989,-71.5526311928534,12.2142582519397,11.9661652270374,2014.53695112437,2014.78504414927,245700000
215,249,0.997289385701167,-16.3316366021611,-71.5628973376411,-16.337879571868,-71.5746282163276,12.9634546127385,11.9661652270374,2014.53695112437,2015.53424051007,245700000
216,247,1.62602132829074,-16.3143223554989,-71.5526311928534,-16.3145144825348,-71.5298151445023,13.8402795802305,12.2142582519397,2014.78504414927,2016.41106547756,245700000
216,217,0.131373726769878,-16.3143223554989,-71.5526311928534,-16.3622684391638,-71.5234392368184,12.3456319787096,12.2142582519397,2014.78504414927,2014.91641787604,245700000
217,243,1.99778092106123,-16.3622684391638,-71.5234392368184,-16.3542686028915,-71.5417225189096,14.3434128997708,12.3456319787096,2014.91641787604,2016.9141987971,245700000
217,218,0.215458653752695,-16.3622684391638,-71.5234392368184,-16.3668726988772,-71.5205727086521,12.5610906324623,12.3456319787096,2014.91641787604,2015.13187652979,245700000
218,72,0.119356346921833,-16.3668726988772,-71.5205727086521,-16.36856114,-71.52094741,12.6804469793841,12.5610906324623,2015.13187652979,2015.25123287671,245700000
218,219,0.651469946549216,-16.3668726988772,-71.5205727086521,-16.3443880460214,-71.5354255680738,13.2125605790115,12.5610906324623,2015.13187652979,2015.78334647634,245700000
219,220,2.7358886910365,-16.3443880460214,-71.5354255680738,-16.334166774027,-71.5473695590693,15.948449270048,13.2125605790115,2015.78334647634,2018.51923516738,245700000
219,241,1.1748240207805,-16.3443880460214,-71.5354255680738,-16.3265799954518,-71.5538138165692,14.387384599792,13.2125605790115,2015.78334647634,2016.95817049712,245700000
220,221,0.516460255797926,-16.334166774027,-71.5473695590693,-16.3318375060798,-71.5476203785948,16.4649095258459,15.948449270048,2018.51923516738,2019.03569542317,245700000
220,223,0.207448763692158,-16.334166774027,-71.5473695590693,-16.333609917187,-71.5475159991523,16.1558980337402,15.948449270048,2018.51923516738,2018.72668393107,245700000
221,222,0.137149230744204,-16.3318375060798,-71.5476203785948,-16.3378219397752,-71.5880431368799,16.6020587565901,16.4649095258459,2019.03569542317,2019.17284465392,245700000
221,47,0.558003206962869,-16.3318375060798,-71.5476203785948,-16.32087619,-71.53282426,17.0229127328088,16.4649095258459,2019.03569542317,2019.59369863014,245700000
222,48,0.401675894026936,-16.3378219397752,-71.5880431368799,-16.29681517,-71.62578761,17.0037346506171,16.6020587565901,2019.17284465392,2019.57452054795,245700000
222,49,0.42633342827338,-16.3378219397752,-71.5880431368799,-16.36934,-71.567024,17.0283921848635,16.6020587565901,2019.17284465392,2019.59917808219,245700000
223,224,0.278894675756779,-16.333609917187,-71.5475159991523,-16.3398145333766,-71.5472247121106,16.4347927094969,16.1558980337402,2018.72668393107,2019.00557860683,245700000
223,240,0.274159717483657,-16.333609917187,-71.5475159991523,-16.3283931481336,-71.5458237477203,16.4300577512238,16.1558980337402,2018.72668393107,2019.00084364855,245700000
224,225,1.4350542919953,-16.3398145333766,-71.5472247121106,-16.3268302841202,-71.5615689849281,17.8698470014922,16.4347927094969,2019.00557860683,2020.44063289882,245700000
224,66,0.818257009613291,-16.3398145333766,-71.5472247121106,-16.2945582,-71.52127815,17.2530497191102,16.4347927094969,2019.00557860683,2019.82383561644,245700000
225,226,0.0279720240017367,-16.3268302841202,-71.5615689849281,-16.3268186145061,-71.5645118110631,17.897819025494,17.8698470014922,2020.44063289882,2020.46860492282,245700000
225,229,0.273075730534361,-16.3268302841202,-71.5615689849281,-16.3271821606389,-71.5577820270182,18.1429227320266,17.8698470014922,2020.44063289882,2020.71370862935,245700000
226,227,0.323716708133871,-16.3268186145061,-71.5645118110631,-16.3262296393733,-71.5631579876145,18.2215357336278,17.897819025494,2020.46860492282,2020.79232163096,245700000
226,50,0.489589552812283,-16.3268186145061,-71.5645118110631,-16.33255972,-71.57247195,18.3874085783063,17.897819025494,2020.46860492282,2020.95819447563,245700000
227,228,0.252954634825726,-16.3262296393733,-71.5631579876145,-16.317498744303,-71.5484996335251,18.4744903684536,18.2215357336278,2020.79232163096,2021.04527626578,245700000
227,53,1.42329480740018,-16.3262296393733,-71.5631579876145,-16.46286521,-71.55672352,19.644830541028,18.2215357336278,2020.79232163096,2022.21561643836,245700000
228,51,0.192257980793537,-16.317498744303,-71.5484996335251,-16.31336532,-71.54642208,18.6667483492471,18.4744903684536,2021.04527626578,2021.23753424658,245700000
228,52,0.0552716794236208,-16.317498744303,-71.5484996335251,-16.32985356,-71.56874178,18.5297620478772,18.4744903684536,2021.04527626578,2021.10054794521,245700000
229,65,0.767661233658955,-16.3271821606389,-71.5577820270182,-16.31464471,-71.54805501,18.9105839656856,18.1429227320266,2020.71370862935,2021.48136986301,245700000
229,230,0.337033186828483,-16.3271821606389,-71.5577820270182,-16.3224028434621,-71.5701366233888,18.4799559188551,18.1429227320266,2020.71370862935,2021.05074181618,245700000
230,231,0.61371624957508,-16.3224028434621,-71.5701366233888,-16.3245486851433,-71.5612213239734,19.0936721684302,18.4799559188551,2021.05074181618,2021.66445806576,245700000
230,64,0.247066402994798,-16.3224028434621,-71.5701366233888,-16.328681,-71.594948,18.7270223218499,18.4799559188551,2021.05074181618,2021.29780821918,245700000
231,232,0.426659279566985,-16.3245486851433,-71.5612213239734,-16.3896358948382,-71.5523448222763,19.5203314479971,19.0936721684302,2021.66445806576,2022.09111734533,245700000
231,54,0.79225426300872,-16.3245486851433,-71.5612213239734,-16.45532977,-71.57648403,19.8859264314389,19.0936721684302,2021.66445806576,2022.45671232877,245700000
232,233,0.0173389239882904,-16.3896358948382,-71.5523448222763,-16.3911712957035,-71.5521307236829,19.5376703719854,19.5203314479971,2022.09111734533,2022.10845626931,245700000
232,237,0.349366982717918,-16.3896358948382,-71.5523448222763,-16.4043336239991,-71.5015914268211,19.8696984307151,19.5203314479971,2022.09111734533,2022.44048432804,245700000
233,235,0.20616139572278,-16.3911712957035,-71.5521307236829,-16.4119050854746,-71.5273450563079,19.7438317677082,19.5376703719854,2022.10845626931,2022.31461766504,245700000
233,234,0.998504085747167,-16.3911712957035,-71.5521307236829,-16.3427056913104,-71.5789719856062,20.5361744577326,19.5376703719854,2022.10845626931,2023.10696035506,245700000
234,56,1.00970406592879,-16.3427056913104,-71.5789719856062,-16.31042615,-71.54766915,21.5458785236614,20.5361744577326,2023.10696035506,2024.11666442099,245700000
234,55,1.1736384921584,-16.3427056913104,-71.5789719856062,-16.32043721,-71.56336805,21.709812949891,20.5361744577326,2023.10696035506,2024.28059884722,245700000
235,57,1.07360151304582,-16.4119050854746,-71.5273450563079,-16.36792002,-71.51012145,20.817433280754,19.7438317677082,2022.31461766504,2023.38821917808,245700000
235,236,0.751638326706388,-16.4119050854746,-71.5273450563079,-16.4167849736482,-71.5310246392583,20.4954700944146,19.7438317677082,2022.31461766504,2023.06625599174,245700000
236,59,0.694565926065494,-16.4167849736482,-71.5310246392583,-16.41443555,-71.52991653,21.1900360204801,20.4954700944146,2023.06625599174,2023.76082191781,245700000
236,58,0.727442638394238,-16.4167849736482,-71.5310246392583,-16.4148062,-71.53008754,21.2229127328088,20.4954700944146,2023.06625599174,2023.79369863014,245700000
237,238,0.690330522524811,-16.4043336239991,-71.5015914268211,-16.4063526798992,-71.4976080003099,20.5600289532399,19.8696984307151,2022.44048432804,2023.13081485057,245700000
237,60,1.02718690483347,-16.4043336239991,-71.5015914268211,-16.39621416,-71.4966804,20.8968853355485,19.8696984307151,2022.44048432804,2023.46767123288,245700000
238,61,2.04918514943204,-16.4063526798992,-71.4976080003099,-16.37627058,-71.49377435,22.6092141026719,20.5600289532399,2023.13081485057,2025.18,245700000
238,239,0.418855314448022,-16.4063526798992,-71.4976080003099,-16.401985571941,-71.5088945277452,20.9788842676879,20.5600289532399,2023.13081485057,2023.54967016502,245700000
239,63,0.769180048323333,-16.401985571941,-71.5088945277452,-16.4198272,-71.51037962,21.7480643160112,20.9788842676879,2023.54967016502,2024.31885021334,245700000
239,62,0.53693961116488,-16.401985571941,-71.5088945277452,-16.40224446,-71.48109962,21.5158238788528,20.9788842676879,2023.54967016502,2024.08660977618,245700000
240,68,0.296964570626062,-16.3283931481336,-71.5458237477203,-16.316534,-71.54525,16.7270223218499,16.4300577512238,2019.00084364855,2019.29780821918,245700000
240,67,0.121622104872688,-16.3283931481336,-71.5458237477203,-16.339685,-71.55114,16.5516798560965,16.4300577512238,2019.00084364855,2019.12246575342,245700000
241,71,0.673884297400477,-16.3265799954518,-71.5538138165692,-16.37336654,-71.51478562,15.0612688971925,14.387384599792,2016.95817049712,2017.63205479452,245700000
241,242,2.03457455347709,-16.3265799954518,-71.5538138165692,-16.3211665259543,-71.6294706454927,16.4219591532691,14.387384599792,2016.95817049712,2018.9927450506,245700000
242,69,0.587254949402689,-16.3211665259543,-71.6294706454927,-16.328714,-71.62386,17.0092141026718,16.4219591532691,2018.9927450506,2019.58,245700000
242,70,0.565337141183602,-16.3211665259543,-71.6294706454927,-16.32870047,-71.6234298,16.9872962944527,16.4219591532691,2018.9927450506,2019.55808219178,245700000
243,77,1.4164861344078,-16.3542686028915,-71.5417225189096,-16.31917,-71.58366,15.7598990341786,14.3434128997708,2016.9141987971,2018.33068493151,245700000
243,244,0.143929925292055,-16.3542686028915,-71.5417225189096,-16.3297533909105,-71.5488394528502,14.4873428250629,14.3434128997708,2016.9141987971,2017.05812872239,245700000
244,245,0.576875153354827,-16.3297533909105,-71.5488394528502,-16.3493403738378,-71.5588237150237,15.0642179784177,14.4873428250629,2017.05812872239,2017.63500387575,245700000
244,246,0.547859647293837,-16.3297533909105,-71.5488394528502,-16.3202453650622,-71.5412703013137,15.0352024723567,14.4873428250629,2017.05812872239,2017.60598836968,245700000
245,74,0.591571466719977,-16.3493403738378,-71.5588237150237,-16.35346,-71.56632,15.6557894451377,15.0642179784177,2017.63500387575,2018.22657534247,245700000
245,73,0.317598863980145,-16.3493403738378,-71.5588237150237,-16.35370915,-71.57979777,15.3818168423978,15.0642179784177,2017.63500387575,2017.95260273973,245700000
246,76,0.801408890589055,-16.3202453650622,-71.5412703013137,-16.314486,-71.54096,15.8366113629458,15.0352024723567,2017.60598836968,2018.40739726027,245700000
246,75,0.579491082369923,-16.3202453650622,-71.5412703013137,-16.3241,-71.54373,15.6146935547266,15.0352024723567,2017.60598836968,2018.18547945205,245700000
247,80,0.867564659427696,-16.3145144825348,-71.5298151445023,-16.30212347,-71.5314321,14.7078442396582,13.8402795802305,2016.41106547756,2017.27863013699,245700000
247,248,2.28782050435527,-16.3145144825348,-71.5298151445023,-16.3139787744869,-71.5238594354401,16.1281000845857,13.8402795802305,2016.41106547756,2018.69888598191,245700000
248,78,1.40958171776429,-16.3139787744869,-71.5238594354401,-16.3177206,-71.60915384,17.53768180235,16.1281000845857,2018.69888598191,2020.10846769968,245700000
248,79,1.38225931339258,-16.3139787744869,-71.5238594354401,-16.31657519,-71.52488176,17.5103593979783,16.1281000845857,2018.69888598191,2020.08114529531,245700000
249,250,0.483780902481502,-16.337879571868,-71.5746282163276,-16.3178427201096,-71.5910914806236,13.44723551522,12.9634546127385,2015.53424051007,2016.01802141255,245700000
249,253,0.0569229304601642,-16.337879571868,-71.5746282163276,-16.3389655613053,-71.5764629546639,13.0203775431987,12.9634546127385,2015.53424051007,2015.59116344053,245700000
250,81,0.237987270736376,-16.3178427201096,-71.5910914806236,-16.31652235,-71.5827859,13.6852227859564,13.44723551522,2016.01802141255,2016.25600868328,245700000
250,251,0.150013937866744,-16.3178427201096,-71.5910914806236,-16.3203924855421,-71.5893267377238,13.5972494530868,13.44723551522,2016.01802141255,2016.16803535042,245700000
251,84,1.03662218383158,-16.3203924855421,-71.5893267377238,-16.32382748,-71.59476446,14.6338716369184,13.5972494530868,2016.16803535042,2017.20465753425,245700000
251,252,0.074067586867379,-16.3203924855421,-71.5893267377238,-16.3198308175457,-71.5938878486671,13.6713170399542,13.5972494530868,2016.16803535042,2016.24210293728,245700000
252,83,0.150517767860153,-16.3198308175457,-71.5938878486671,-16.3177783,-71.59525364,13.8218348078143,13.6713170399542,2016.24210293728,2016.39262070514,245700000
252,82,0.831047747649224,-16.3198308175457,-71.5938878486671,-16.32258209,-71.57386406,14.5023647876034,13.6713170399542,2016.24210293728,2017.07315068493,245700000
253,264,0.0162748026047428,-16.3389655613053,-71.5764629546639,-16.3367655819507,-71.5789433639846,13.0366523458034,13.0203775431987,2015.59116344053,2015.60743824313,245700000
253,254,0.638551028443093,-16.3389655613053,-71.5764629546639,-16.326573147827,-71.5470847911059,13.6589285716418,13.0203775431987,2015.59116344053,2016.22971446897,245700000
254,255,1.45811018518798,-16.326573147827,-71.5470847911059,-16.3144879031443,-71.5475126606913,15.1170387568298,13.6589285716418,2016.22971446897,2017.68782465416,245700000
254,261,0.00177109056553704,-16.326573147827,-71.5470847911059,-16.3254006556263,-71.5464385328469,13.6606996622073,13.6589285716418,2016.22971446897,2016.23148555954,245700000
255,256,0.52840925263301,-16.3144879031443,-71.5475126606913,-16.3400640197603,-71.5493603033716,15.6454480094628,15.1170387568298,2017.68782465416,2018.21623390679,245700000
255,91,0.0127232910475543,-16.3144879031443,-71.5475126606913,-16.31407443,-71.54767145,15.1297620478773,15.1170387568298,2017.68782465416,2017.70054794521,245700000
256,259,0.352654177930465,-16.3400640197603,-71.5493603033716,-16.3499469527418,-71.5370418613063,15.9981021873932,15.6454480094628,2018.21623390679,2018.56888808472,245700000
256,257,0.00159506789963704,-16.3400640197603,-71.5493603033716,-16.3412329520352,-71.5497531171523,15.6470430773624,15.6454480094628,2018.21623390679,2018.21782897469,245700000
257,258,0.241367999693733,-16.3412329520352,-71.5497531171523,-16.3074379101763,-71.6240966391021,15.8884110770562,15.6470430773624,2018.21782897469,2018.45919697438,245700000
257,85,0.89915732667937,-16.3412329520352,-71.5497531171523,-16.35595102,-71.54350258,16.5462004040418,15.6470430773624,2018.21782897469,2019.11698630137,245700000
258,87,0.301624943423946,-16.3074379101763,-71.6240966391021,-16.293726,-71.627045,16.1900360204801,15.8884110770562,2018.45919697438,2018.76082191781,245700000
258,86,0.307104395478661,-16.3074379101763,-71.6240966391021,-16.30910151,-71.6183252,16.1955154725348,15.8884110770562,2018.45919697438,2018.76630136986,245700000
259,260,0.501238570601021,-16.3499469527418,-71.5370418613063,-16.3440929272994,-71.5305861167645,16.4993407579943,15.9981021873932,2018.56888808472,2019.07012665532,245700000
259,88,0.871385887881261,-16.3499469527418,-71.5370418613063,-16.373264,-71.526245,16.8694880752745,15.9981021873932,2018.56888808472,2019.4402739726,245700000
260,89,0.729051426869288,-16.3440929272994,-71.5305861167645,-16.29985957,-71.63004626,17.2283921848636,16.4993407579943,2019.07012665532,2019.79917808219,245700000
260,90,0.56466786522557,-16.3440929272994,-71.5305861167645,-16.37646654,-71.50561413,17.0640086232198,16.4993407579943,2019.07012665532,2019.63479452055,245700000
261,95,0.833445947313756,-16.3254006556263,-71.5464385328469,-16.46897646,-71.52299188,14.4941456095211,13.6606996622073,2016.23148555954,2017.06493150685,245700000
261,262,0.0183285588383981,-16.3254006556263,-71.5464385328469,-16.3260957065698,-71.5448863627144,13.6790282210457,13.6606996622073,2016.23148555954,2016.24981411837,245700000
262,263,0.467740442174764,-16.3260957065698,-71.5448863627144,-16.3255588150872,-71.5522560144233,14.1467686632205,13.6790282210457,2016.24981411837,2016.71755456055,245700000
262,94,0.052642652342513,-16.3260957065698,-71.5448863627144,-16.31433177,-71.55078345,13.7316708733882,13.6790282210457,2016.24981411837,2016.30245677072,245700000
263,92,0.0111317183644335,-16.3255588150872,-71.5522560144233,-16.3262841,-71.54865668,14.1579003815849,14.1467686632205,2016.71755456055,2016.72868627891,245700000
263,93,1.49532215178017,-16.3255588150872,-71.5522560144233,-16.4332,-71.526474,15.6420908150007,14.1467686632205,2016.71755456055,2018.21287671233,245700000
264,296,0.650094563417571,-16.3367655819507,-71.5789433639846,-16.3387538252272,-71.5728191038224,13.686746909221,13.0366523458034,2015.60743824313,2016.25753280655,245700000
264,265,0.0840311342409557,-16.3367655819507,-71.5789433639846,-16.3379299243732,-71.580231856501,13.1206834800444,13.0366523458034,2015.60743824313,2015.69146937737,245700000
265,287,0.118315199307203,-16.3379299243732,-71.580231856501,-16.3345056790607,-71.5907865099252,13.2389986793516,13.1206834800444,2015.69146937737,2015.80978457668,245700000
265,266,0.486607565232649,-16.3379299243732,-71.580231856501,-16.3451726177001,-71.5822304653616,13.6072910452771,13.1206834800444,2015.69146937737,2016.17807694261,245700000
266,267,0.0811639948460527,-16.3451726177001,-71.5822304653616,-16.3417069341975,-71.5877342327958,13.6884550401231,13.6072910452771,2016.17807694261,2016.25924093745,245700000
266,96,0.597057423739477,-16.3451726177001,-71.5822304653616,-16.40529089,-71.57997204,14.2043484690165,13.6072910452771,2016.17807694261,2016.77513436634,245700000
267,286,0.46146294867145,-16.3417069341975,-71.5877342327958,-16.4269877711317,-71.6715665978605,14.1499179887946,13.6884550401231,2016.25924093745,2016.72070388612,245700000
267,268,0.421241872694635,-16.3417069341975,-71.5877342327958,-16.3412531193309,-71.5687821147735,14.1096969128177,13.6884550401231,2016.25924093745,2016.68048281015,245700000
268,269,0.611586191118612,-16.3412531193309,-71.5687821147735,-16.3306886676167,-71.5966117845429,14.7212831039364,14.1096969128177,2016.68048281015,2017.29206900126,245700000
268,115,0.924174724100714,-16.3412531193309,-71.5687821147735,-16.33896804,-71.54444964,15.0338716369185,14.1096969128177,2016.68048281015,2017.60465753425,245700000
269,270,0.104682885852971,-16.3306886676167,-71.5966117845429,-16.3410122181485,-71.6113560455238,14.8259659897893,14.7212831039364,2017.29206900126,2017.39675188712,245700000
269,273,1.13040984696697,-16.3306886676167,-71.5966117845429,-16.3499162182293,-71.5415846027337,15.8516929509033,14.7212831039364,2017.29206900126,2018.42247884823,245700000
270,271,0.650836265408598,-16.3410122181485,-71.6113560455238,-16.3478103081349,-71.610614313403,15.4768022551979,14.8259659897893,2017.39675188712,2018.04758815253,245700000
270,97,0.972289208772985,-16.3410122181485,-71.6113560455238,-16.307352,-71.6272,15.7982551985623,14.8259659897893,2017.39675188712,2018.36904109589,245700000
271,272,0.275578671636036,-16.3478103081349,-71.610614313403,-16.3521071240011,-71.6118486019955,15.752380926834,15.4768022551979,2018.04758815253,2018.32316682416,245700000
271,98,0.211863902268499,-16.3478103081349,-71.610614313403,-16.345425,-71.61238,15.6886661574664,15.4768022551979,2018.04758815253,2018.25945205479,245700000
272,100,0.878750984057048,-16.3521071240011,-71.6118486019955,-16.35615896,-71.61434554,16.631131910891,15.752380926834,2018.32316682416,2019.20191780822,245700000
272,99,0.574641395016058,-16.3521071240011,-71.6118486019955,-16.35057,-71.612175,16.32702232185,15.752380926834,2018.32316682416,2018.89780821918,245700000
273,274,0.229561984183089,-16.3499162182293,-71.5415846027337,-16.3586773403937,-71.5359456973016,16.0812549350864,15.8516929509033,2018.42247884823,2018.65204083241,245700000
273,275,1.00745365591524,-16.3499162182293,-71.5415846027337,-16.320427095834,-71.5505475790782,16.8591466068186,15.8516929509033,2018.42247884823,2019.42993250415,245700000
274,102,0.662205742927838,-16.3586773403937,-71.5359456973016,-16.29254743,-71.5287674,16.7434606780143,16.0812549350864,2018.65204083241,2019.31424657534,245700000
274,101,0.41015094840732,-16.3586773403937,-71.5359456973016,-16.37187602,-71.56320175,16.4914058834937,16.0812549350864,2018.65204083241,2019.06219178082,245700000
275,103,0.191163386264259,-16.320427095834,-71.5505475790782,-16.32037,-71.54994,17.0503099930828,16.8591466068186,2019.42993250415,2019.62109589041,245700000
275,276,0.748947646877889,-16.320427095834,-71.5505475790782,-16.3135235532459,-71.5663468784683,17.6080942536965,16.8591466068186,2019.42993250415,2020.17888015102,245700000
276,278,0.744045559102724,-16.3135235532459,-71.5663468784683,-16.3194535737128,-71.5555637673482,18.3521398127992,17.6080942536965,2020.17888015102,2020.92292571013,245700000
276,277,1.88713892588347,-16.3135235532459,-71.5663468784683,-16.3474993026902,-71.6022554610783,19.4952331795799,17.6080942536965,2020.17888015102,2022.06601907691,245700000
277,105,1.12767955322878,-16.3474993026902,-71.6022554610783,-16.36800562,-71.57673781,20.6229127328087,19.4952331795799,2022.06601907691,2023.19369863014,245700000
277,104,0.36055626555757,-16.3474993026902,-71.6022554610783,-16.33964061,-71.60647222,19.8557894451375,19.4952331795799,2022.06601907691,2022.42657534247,245700000
278,279,0.499758511832514,-16.3194535737128,-71.5555637673482,-16.2991950566535,-71.5351592003215,18.8518983246317,18.3521398127992,2020.92292571013,2021.42268422196,245700000
278,106,0.183101687132953,-16.3194535737128,-71.5555637673482,-16.31982398,-71.55359419,18.5352414999321,18.3521398127992,2020.92292571013,2021.10602739726,245700000
279,280,0.200016999332741,-16.2991950566535,-71.5351592003215,-16.3148697500694,-71.6136567446656,19.0519153239644,18.8518983246317,2021.42268422196,2021.62270122129,245700000
279,114,1.08882262735525,-16.2991950566535,-71.5351592003215,-16.30329,-71.525222,19.9407209519869,18.8518983246317,2021.42268422196,2022.51150684932,245700000
280,107,1.46688781980333,-16.3148697500694,-71.6136567446656,-16.31970472,-71.62962094,20.5188031437678,19.0519153239644,2021.62270122129,2023.0895890411,245700000
280,281,0.247533856052778,-16.3148697500694,-71.6136567446656,-16.3310255930024,-71.6200788956576,19.2994491800172,19.0519153239644,2021.62270122129,2021.87023507735,245700000
281,282,0.421654636152449,-16.3310255930024,-71.6200788956576,-16.345767754879,-71.604994316724,19.7211038161697,19.2994491800172,2021.87023507735,2022.2918897135,245700000
281,283,0.565426294292325,-16.3310255930024,-71.6200788956576,-16.3321517960064,-71.6150562651008,19.8648754743095,19.2994491800172,2021.87023507735,2022.43566137164,245700000
282,109,0.830576039926844,-16.345767754879,-71.604994316724,-16.33019529,-71.61011813,20.5516798560965,19.7211038161697,2022.2918897135,2023.12246575342,245700000
282,108,0.44153494403641,-16.345767754879,-71.604994316724,-16.352273,-71.597638,20.1626387602061,19.7211038161697,2022.2918897135,2022.73342465753,245700000
283,284,0.286940746016207,-16.3321517960064,-71.6150562651008,-16.3745170630652,-71.6271728325397,20.1518162203257,19.8648754743095,2022.43566137164,2022.72260211765,245700000
283,110,0.807352326992512,-16.3321517960064,-71.6150562651008,-16.30825707,-71.62690187,20.672227801302,19.8648754743095,2022.43566137164,2023.24301369863,245700000
284,113,0.0436992522090702,-16.3745170630652,-71.6271728325397,-16.37918904,-71.62308263,20.1955154725348,20.1518162203257,2022.72260211765,2022.76630136986,245700000
284,285,0.267209747908125,-16.3745170630652,-71.6271728325397,-16.3617585737322,-71.620309013329,20.4190259682339,20.1518162203257,2022.72260211765,2022.98981186556,245700000
285,111,0.554571696081814,-16.3617585737322,-71.620309013329,-16.39543776,-71.56769812,20.9735976643157,20.4190259682339,2022.98981186556,2023.54438356164,245700000
285,112,0.653201833068044,-16.3617585737322,-71.620309013329,-16.309694,-71.64627,21.0722278013019,20.4190259682339,2022.98981186556,2023.64301369863,245700000
286,116,0.234758349074575,-16.4269877711317,-71.6715665978605,-16.42404763,-71.67049146,14.3846763378691,14.1499179887946,2016.72070388612,2016.9554622352,245700000
286,117,0.442857757712993,-16.4269877711317,-71.6715665978605,-16.42489961,-71.66310493,14.5927757465075,14.1499179887946,2016.72070388612,2017.16356164384,245700000
287,294,0.373048357681521,-16.3345056790607,-71.5907865099252,-16.3512732606978,-71.5878716364189,13.6120470370331,13.2389986793516,2015.80978457668,2016.18283293436,245700000
287,288,0.150531687156098,-16.3345056790607,-71.5907865099252,-16.3422345667244,-71.5858841061583,13.3895303665077,13.2389986793516,2015.80978457668,2015.96031626384,245700000
288,118,0.915910998683858,-16.3422345667244,-71.5858841061583,-16.33837193,-71.58992556,14.3054413651916,13.3895303665077,2015.96031626384,2016.87622726252,245700000
288,289,0.106361223707122,-16.3422345667244,-71.5858841061583,-16.3332178950234,-71.5778584514391,13.4958915902148,13.3895303665077,2015.96031626384,2016.06667748754,245700000
289,290,0.174654106134922,-16.3332178950234,-71.5778584514391,-16.3262045703235,-71.5853418581842,13.6705456963497,13.4958915902148,2016.06667748754,2016.24133159368,245700000
289,124,0.943459498758434,-16.3332178950234,-71.5778584514391,-16.348183,-71.5816,14.4393510889733,13.4958915902148,2016.06667748754,2017.0101369863,245700000
290,292,0.200850397602904,-16.3262045703235,-71.5853418581842,-16.3288727466799,-71.5877828785883,13.8713960939527,13.6705456963497,2016.24133159368,2016.44218199128,245700000
290,291,0.0574081963455182,-16.3262045703235,-71.5853418581842,-16.3250517443217,-71.5903459578518,13.7279538926953,13.6705456963497,2016.24133159368,2016.29873979002,245700000
291,120,0.219563975228448,-16.3250517443217,-71.5903459578518,-16.32286847,-71.58736745,13.9475178679237,13.7279538926953,2016.29873979002,2016.51830376525,245700000
291,119,0.405356324955301,-16.3250517443217,-71.5903459578518,-16.33453865,-71.61649811,14.1333102176506,13.7279538926953,2016.29873979002,2016.70409611498,245700000
292,293,0.463427413154923,-16.3288727466799,-71.5877828785883,-16.3093669014049,-71.5555068097267,14.3348235071076,13.8713960939527,2016.44218199128,2016.90560940444,245700000
292,123,0.488690079981888,-16.3288727466799,-71.5877828785883,-16.32566277,-71.58302859,14.3600861739345,13.8713960939527,2016.44218199128,2016.93087207126,245700000
293,122,0.0580495520729336,-16.3093669014049,-71.5555068097267,-16.31380686,-71.55066935,14.3928730591805,14.3348235071076,2016.90560940444,2016.96365895651,245700000
293,121,0.666171417482136,-16.3093669014049,-71.5555068097267,-16.32237075,-71.54346901,15.0009949245897,14.3348235071076,2016.90560940444,2017.57178082192,245700000
294,295,0.298254244811135,-16.3512732606978,-71.5878716364189,-16.3541386475801,-71.5676356709716,13.9103012818443,13.6120470370331,2016.18283293436,2016.48108717917,245700000
294,127,0.258968098650145,-16.3512732606978,-71.5878716364189,-16.31103879,-71.61092203,13.8710151356833,13.6120470370331,2016.18283293436,2016.44180103301,245700000
295,126,1.13178953315627,-16.3541386475801,-71.5676356709716,-16.31601061,-71.54095899,15.0420908150005,13.9103012818443,2016.48108717917,2017.61287671233,245700000
295,125,0.449784892090278,-16.3541386475801,-71.5676356709716,-16.33749293,-71.58124094,14.3600861739345,13.9103012818443,2016.48108717917,2016.93087207126,245700000
296,164,0.528530521544242,-16.3387538252272,-71.5728191038224,-16.3235226,-71.54519947,14.2152774307653,13.686746909221,2016.25753280655,2016.78606332809,245700000
296,297,0.0118475218373675,-16.3387538252272,-71.5728191038224,-16.347479198128,-71.5924150710896,13.6985944310584,13.686746909221,2016.25753280655,2016.26938032839,245700000
297,298,1.20066130876821,-16.347479198128,-71.5924150710896,-16.3435878245487,-71.590844922433,14.8992557398266,13.6985944310584,2016.26938032839,2017.47004163715,245700000
297,301,0.225391616720719,-16.347479198128,-71.5924150710896,-16.3400722147025,-71.5958209878297,13.9239860477791,13.6985944310584,2016.26938032839,2016.49477194511,245700000
298,299,3.64798787037551,-16.3435878245487,-71.590844922433,-16.3108855335015,-71.6307731328109,18.5472436102021,14.8992557398266,2017.47004163715,2021.11802950753,245700000
298,300,0.269039850596023,-16.3435878245487,-71.590844922433,-16.3539847741569,-71.594442411676,15.1682955904226,14.8992557398266,2017.47004163715,2017.73908148775,245700000
299,129,0.0318335061684252,-16.3108855335015,-71.6307731328109,-16.311133,-71.63340684,18.5790771163705,18.5472436102021,2021.11802950753,2021.1498630137,245700000
299,128,0.41265542397656,-16.3108855335015,-71.6307731328109,-16.33422596,-71.6040233,18.9598990341787,18.5472436102021,2021.11802950753,2021.53068493151,245700000
300,130,0.323110293071111,-16.3539847741569,-71.594442411676,-16.414825,-71.52636,15.4914058834937,15.1682955904226,2017.73908148775,2018.06219178082,245700000
300,131,0.369685635536869,-16.3539847741569,-71.594442411676,-16.352282,-71.59883,15.5379812259595,15.1682955904226,2017.73908148775,2018.10876712329,245700000
301,302,0.675614998942887,-16.3400722147025,-71.5958209878297,-16.3379463214425,-71.5871479802497,14.599601046722,13.9239860477791,2016.49477194511,2017.17038694405,245700000
301,132,0.269433459488919,-16.3400722147025,-71.5958209878297,-16.33264008,-71.59438684,14.193419507268,13.9239860477791,2016.49477194511,2016.7642054046,245700000
302,303,0.258168184461036,-16.3379463214425,-71.5871479802497,-16.3366084709654,-71.5857380663448,14.857769231183,14.599601046722,2017.17038694405,2017.42855512851,245700000
302,163,0.321941823073217,-16.3379463214425,-71.5871479802497,-16.3095575,-71.63782737,14.9215428697952,14.599601046722,2017.17038694405,2017.49232876712,245700000
303,133,0.0144585701188387,-16.3366084709654,-71.5857380663448,-16.33794879,-71.58628937,14.8722278013019,14.857769231183,2017.42855512851,2017.44301369863,245700000
303,304,0.101402845203228,-16.3366084709654,-71.5857380663448,-16.3266510616738,-71.6169610104853,14.9591720763863,14.857769231183,2017.42855512851,2017.52995797371,245700000
304,307,0.110748534694634,-16.3266510616738,-71.6169610104853,-16.3427138738717,-71.6342446824186,15.0699206110809,14.9591720763863,2017.52995797371,2017.64070650841,245700000
304,305,0.112174916787519,-16.3266510616738,-71.6169610104853,-16.32573413836,-71.612901922797,15.0713469931738,14.9591720763863,2017.52995797371,2017.6421328905,245700000
305,306,0.126288674572759,-16.32573413836,-71.612901922797,-16.325832304062,-71.5970940481026,15.1976356677465,15.0713469931738,2017.6421328905,2017.76842156507,245700000
305,136,1.48307258895009,-16.32573413836,-71.612901922797,-16.3038,-71.61698,16.5544195821239,15.0713469931738,2017.6421328905,2019.12520547945,245700000
306,135,0.304729119856855,-16.325832304062,-71.5970940481026,-16.341963,-71.60505,15.5023647876034,15.1976356677465,2017.76842156507,2018.07315068493,245700000
306,134,0.940345558212865,-16.325832304062,-71.5970940481026,-16.324383,-71.59501,16.1379812259594,15.1976356677465,2017.76842156507,2018.70876712329,245700000
307,308,1.78974324862667,-16.3427138738717,-71.6342446824186,-16.3058624546682,-71.6190179325932,16.8596638597076,15.0699206110809,2017.64070650841,2019.43044975704,245700000
307,162,0.4680606148786,-16.3427138738717,-71.6342446824186,-16.351608,-71.61768,15.5379812259595,15.0699206110809,2017.64070650841,2018.10876712329,245700000
308,161,1.47583215029262,-16.3058624546682,-71.6190179325932,-16.30290222,-71.61608093,18.3354960100002,16.8596638597076,2019.43044975704,2020.90628190733,245700000
308,309,0.13380383232186,-16.3058624546682,-71.6190179325932,-16.3045147773091,-71.6250234729873,16.9934676920294,16.8596638597076,2019.43044975704,2019.56425358936,245700000
309,315,0.120076580552796,-16.3045147773091,-71.6250234729873,-16.3063776233262,-71.619085230205,17.1135442725822,16.9934676920294,2019.56425358936,2019.68433016991,245700000
309,310,0.157107429983149,-16.3045147773091,-71.6250234729873,-16.3173866600163,-71.615279646086,17.1505751220126,16.9934676920294,2019.56425358936,2019.72136101934,245700000
310,312,0.432470004885632,-16.3173866600163,-71.615279646086,-16.3221010503946,-71.6132751184787,17.5830451268982,17.1505751220126,2019.72136101934,2020.15383102423,245700000
310,311,0.0284469888155368,-16.3173866600163,-71.615279646086,-16.3184349758967,-71.6137223005079,17.1790221108281,17.1505751220126,2019.72136101934,2019.74980800816,245700000
311,137,0.347730729773176,-16.3184349758967,-71.6137223005079,-16.42870613,-71.49382107,17.5267528406013,17.1790221108281,2019.74980800816,2020.09753873793,245700000
311,138,0.287621440155719,-16.3184349758967,-71.6137223005079,-16.31943,-71.62229,17.4666435509838,17.1790221108281,2019.74980800816,2020.03742944831,245700000
312,139,0.89192240043116,-16.3221010503946,-71.6132751184787,-16.30894284,-71.65079812,18.4749675273294,17.5830451268982,2020.15383102423,2021.04575342466,245700000
312,313,0.0509707172414435,-16.3221010503946,-71.6132751184787,-16.3245920816477,-71.6141634767006,17.6340158441396,17.5830451268982,2020.15383102423,2020.20480174147,245700000
313,314,0.338902818202373,-16.3245920816477,-71.6141634767006,-16.321122536871,-71.6149592413115,17.972918662342,17.6340158441396,2020.20480174147,2020.54370455967,245700000
313,142,0.890266751682832,-16.3245920816477,-71.6141634767006,-16.307125,-71.627144,18.5242825958225,17.6340158441396,2020.20480174147,2021.09506849315,245700000
314,140,0.603418728000931,-16.321122536871,-71.6149592413115,-16.36436253,-71.63603084,18.576337390343,17.972918662342,2020.54370455967,2021.14712328767,245700000
314,141,0.548624207453101,-16.321122536871,-71.6149592413115,-16.293974,-71.6234,18.5215428697951,17.972918662342,2020.54370455967,2021.09232876712,245700000
315,160,0.407744087144813,-16.3063776233262,-71.619085230205,-16.30158003,-71.63416176,17.521288359727,17.1135442725822,2019.68433016991,2020.09207425706,245700000
315,316,0.445418971740358,-16.3063776233262,-71.619085230205,-16.3175259650023,-71.5968955629714,17.5589632443226,17.1135442725822,2019.68433016991,2020.12974914165,245700000
316,317,0.0706107460617886,-16.3175259650023,-71.5968955629714,-16.3181121563194,-71.5992709004374,17.6295739903844,17.5589632443226,2020.12974914165,2020.20035988771,245700000
316,318,0.53100352385532,-16.3175259650023,-71.5968955629714,-16.3483639307932,-71.597322241003,18.0899667681779,17.5589632443226,2020.12974914165,2020.66075266551,245700000
317,143,0.990599016396986,-16.3181121563194,-71.5992709004374,-16.3124546,-71.60477884,18.6201730067814,17.6295739903844,2020.20035988771,2021.19095890411,245700000
317,144,0.856352441054655,-16.3181121563194,-71.5992709004374,-16.31541743,-71.5972254,18.485926431439,17.6295739903844,2020.20035988771,2021.05671232877,245700000
318,319,0.747147789990421,-16.3483639307932,-71.597322241003,-16.4480894588895,-71.5134250071749,18.8371145581683,18.0899667681779,2020.66075266551,2021.4079004555,245700000
318,145,0.357603498877438,-16.3483639307932,-71.597322241003,-16.34979926,-71.58495258,18.4475702670553,18.0899667681779,2020.66075266551,2021.01835616438,245700000
319,320,0.24581558002637,-16.4480894588895,-71.5134250071749,-16.4657818571787,-71.5261603445251,19.0829301381947,18.8371145581683,2021.4079004555,2021.65371603552,245700000
319,330,0.45716383084956,-16.4480894588895,-71.5134250071749,-16.4641812758046,-71.5432930518879,19.2942783890179,18.8371145581683,2021.4079004555,2021.86506428635,245700000
320,321,0.672091552038093,-16.4657818571787,-71.5261603445251,-16.4854421595169,-71.4933395448497,19.7550216902328,19.0829301381947,2021.65371603552,2022.32580758756,245700000
320,327,0.0733589271425781,-16.4657818571787,-71.5261603445251,-16.4838232216135,-71.519773598184,19.1562890653373,19.0829301381947,2021.65371603552,2021.72707496267,245700000
321,322,0.000187891196198997,-16.4854421595169,-71.4933395448497,-16.4850716402458,-71.4938390931746,19.755209581429,19.7550216902328,2022.32580758756,2022.32599547876,245700000
321,152,0.306247206959705,-16.4854421595169,-71.4933395448497,-16.47372171,-71.45930038,20.0612688971925,19.7550216902328,2022.32580758756,2022.63205479452,245700000
322,324,0.113204179619399,-16.4850716402458,-71.4938390931746,-16.4763794457023,-71.4978786913257,19.8684137610484,19.755209581429,2022.32599547876,2022.43919965838,245700000
322,323,0.144684038240416,-16.4850716402458,-71.4938390931746,-16.4924048722689,-71.4706507988752,19.8998936196694,19.755209581429,2022.32599547876,2022.470679517,245700000
323,147,0.920279387112002,-16.4924048722689,-71.4706507988752,-16.51092123,-71.48877308,20.8201730067814,19.8998936196694,2022.470679517,2023.39095890411,245700000
323,146,0.542197195331225,-16.4924048722689,-71.4706507988752,-16.3512505,-71.524679,20.4420908150006,19.8998936196694,2022.470679517,2023.01287671233,245700000
324,151,0.340800341623452,-16.4763794457023,-71.4978786913257,-16.474685,-71.476934,20.2092141026718,19.8684137610484,2022.43919965838,2022.78,245700000
324,325,0.134924166150193,-16.4763794457023,-71.4978786913257,-16.4799266200084,-71.4943615568978,20.0033379271986,19.8684137610484,2022.43919965838,2022.57412382453,245700000
325,150,0.120944668624043,-16.4799266200084,-71.4943615568978,-16.479248,-71.49214885,20.1242825958226,20.0033379271986,2022.57412382453,2022.69506849315,245700000
325,326,0.396285089711769,-16.4799266200084,-71.4943615568978,-16.4406139530317,-71.5069925676107,20.3996230169103,20.0033379271986,2022.57412382453,2022.97040891424,245700000
326,149,0.327399304939541,-16.4406139530317,-71.5069925676107,-16.43881,-71.502463,20.7270223218499,20.3996230169103,2022.97040891424,2023.29780821918,245700000
326,148,0.343837661103913,-16.4406139530317,-71.5069925676107,-16.40791216,-71.51362591,20.7434606780143,20.3996230169103,2022.97040891424,2023.31424657534,245700000
327,328,1.31208405776019,-16.4838232216135,-71.519773598184,-16.4569905732016,-71.5420490530219,20.4683731230975,19.1562890653373,2021.72707496267,2023.03915902043,245700000
327,329,0.197510309544755,-16.4838232216135,-71.519773598184,-16.4878376992318,-71.511871307951,19.353799374882,19.1562890653373,2021.72707496267,2021.92458527221,245700000
328,154,0.346320431629227,-16.4569905732016,-71.5420490530219,-16.45473472,-71.54827689,20.8146935547267,20.4683731230975,2023.03915902043,2023.38547945205,245700000
328,153,0.409334130259357,-16.4569905732016,-71.5420490530219,-16.45790892,-71.54076937,20.8777072533568,20.4683731230975,2023.03915902043,2023.44849315068,245700000
329,155,0.359524316830847,-16.4878376992318,-71.511871307951,-16.49196629,-71.5132039,19.7133236917129,19.353799374882,2021.92458527221,2022.28410958904,245700000
329,156,0.748565412721281,-16.4878376992318,-71.511871307951,-16.335434,-72.19504,20.1023647876033,19.353799374882,2021.92458527221,2022.67315068493,245700000
330,159,0.56973023420192,-16.4641812758046,-71.5432930518879,-16.28942697,-71.64023135,19.8640086232198,19.2942783890179,2021.86506428635,2022.43479452055,245700000
330,331,0.356096678948296,-16.4641812758046,-71.5432930518879,-16.452426742409,-71.5633866657089,19.6503750679662,19.2942783890179,2021.86506428635,2022.22116096529,245700000
331,158,1.16431848676051,-16.452426742409,-71.5633866657089,-16.46762652,-71.54889088,20.8146935547267,19.6503750679662,2022.22116096529,2023.38547945205,245700000
331,157,0.301304788130197,-16.452426742409,-71.5633866657089,-16.448238,-71.554181,19.9516798560964,19.6503750679662,2022.22116096529,2022.52246575342,245700000
